{
  "name": "repurposed_structures:village/badlands/houses",
  "fallback": "repurposed_structures:village/badlands/terminators",
  "elements": [
    {
      "weight": 6,
      "element": {
        "location": "environmental:village/carpenter_house_badlands_1",
        "processors": "minecraft:empty",
        "projection": "rigid",
        "element_type": "minecraft:legacy_single_pool_element"
      }
    },
    {
      "weight": 4,
      "element": {
        "location": "environmental:village/ceramist_house_badlands_1",
        "processors": "minecraft:empty",
        "projection": "rigid",
        "element_type": "minecraft:legacy_single_pool_element"
      }
    }
  ]
}
