{
  "replace": true,
  "trades": [
    {
      "type": "goblintraders:basic",
      "offer_item": {
        "item": "minecraft:emerald",
        "count": 1
      },
      "payment_item": {
        "item": "minecraft:apple",
        "count": 12
      },
      "price_multiplier": 0.0,
      "max_trades": 5,
      "experience": 4
    },
    {
      "type": "goblintraders:basic",
      "offer_item": {
        "item": "minecraft:iron_ingot",
        "count": 2
      },
      "payment_item": {
        "item": "minecraft:iron_ore",
        "count": 1
      },
      "price_multiplier": 0.0,
      "max_trades": 30,
      "experience": 6
    },
    {
      "type": "goblintraders:basic",
      "offer_item": {
        "item": "minecraft:gold_ingot",
        "count": 3
      },
      "payment_item": {
        "item": "minecraft:gold_ore",
        "count": 2
      },
      "price_multiplier": 0.0,
      "max_trades": 20,
      "experience": 6
    },
    {
      "type": "goblintraders:basic",
      "offer_item": {
        "item": "darkerdepths:silver_ingot",
        "count": 3
      },
      "payment_item": {
        "item": "darkerdepths:raw_silver",
        "count": 2
      },
      "price_multiplier": 0.0,
      "max_trades": 30,
      "experience": 6
    },
    {
      "type": "goblintraders:basic",
      "offer_item": {
        "item": "mysticalworld:copper_ingot",
        "count": 3
      },
      "payment_item": {
        "item": "mysticalworld:copper_ore",
        "count": 2
      },
      "price_multiplier": 0.0,
      "max_trades": 30,
      "experience": 6
    },
    {
      "type": "goblintraders:basic",
      "offer_item": {
        "item": "mysticalworld:lead_ingot",
        "count": 3
      },
      "payment_item": {
        "item": "mysticalworld:lead_ore",
        "count": 2
      },
      "price_multiplier": 0.0,
      "max_trades": 30,
      "experience": 6
    },
    {
      "type": "goblintraders:basic",
      "offer_item": {
        "item": "mysticalworld:tin_ingot",
        "count": 3
      },
      "payment_item": {
        "item": "mysticalworld:tin_ore",
        "count": 2
      },
      "price_multiplier": 0.0,
      "max_trades": 30,
      "experience": 6
    },
    {
      "type": "goblintraders:basic",
      "offer_item": {
        "item": "minecraft:coal",
        "count": 1
      },
      "payment_item": {
        "item": "minecraft:rotten_flesh",
        "count": 4
      },
      "price_multiplier": 0.0,
      "max_trades": 24,
      "experience": 4
    },
    {
      "type": "goblintraders:basic",
      "offer_item": {
        "item": "randomite:randomite_ore",
        "count": 1
      },
      "payment_item": {
        "item": "minecraft:emerald",
        "count": 1
      },
      "price_multiplier": 0.0,
      "max_trades": 32,
      "experience": 4
    },
    {
      "type": "goblintraders:basic",
      "offer_item": {
        "item": "aquaculture:lockbox",
        "count": 1
      },
      "payment_item": {
        "item": "minecraft:cobblestone",
        "count": 32
      },
      "price_multiplier": 0.0,
      "max_trades": 128,
      "experience": 4
    },
    {
      "type": "goblintraders:basic",
      "offer_item": {
        "item": "aquaculture:box",
        "count": 1
      },
      "payment_item": {
        "item": "minecraft:cobblestone",
        "count": 16
      },
      "price_multiplier": 0.0,
      "max_trades": 64,
      "experience": 4
    }
  ]
}
