{
  "replace": true,
  "trades": [
    {
      "type": "goblintraders:basic",
      "offer_item": {
        "item": "minecraft:experience_bottle",
        "count": 1
      },
      "payment_item": {
        "item": "minecraft:emerald",
        "count": 3
      },
      "price_multiplier": 0.0,
      "max_trades": 64,
      "experience": 10
    },
    {
      "type": "goblintraders:basic",
      "offer_item": {
        "item": "minecraft:name_tag",
        "count": 1
      },
      "payment_item": {
        "item": "minecraft:emerald",
        "count": 24
      },
      "secondary_payment_item": {
        "item": "minecraft:paper",
        "count": 8
      },
      "price_multiplier": 0.0,
      "max_trades": 2,
      "experience": 10
    },
    {
      "type": "goblintraders:basic",
      "offer_item": {
        "item": "minecraft:blue_ice",
        "count": 1
      },
      "payment_item": {
        "item": "minecraft:packed_ice",
        "count": 4
      },
      "price_multiplier": 0.0,
      "max_trades": 64,
      "experience": 10
    },
    {
      "type": "goblintraders:basic",
      "offer_item": {
        "item": "quark:ancient_tome",
        "count": 1,
        "nbt": "{StoredEnchantments:[{lvl:3s,id:\"minecraft:luck_of_the_sea\"}]}"
      },
      "payment_item": {
        "item": "minecraft:emerald",
        "count": 5
      },
      "secondary_payment_item": {
        "item": "minecraft:enchanted_book",
        "count": 1,
        "nbt": "{StoredEnchantments:[{lvl:3s,id:\"minecraft:luck_of_the_sea\"}]}"
      },
      "price_multiplier": 0.5,
      "max_trades": 2,
      "experience": 30
    },
    {
      "type": "goblintraders:basic",
      "offer_item": {
        "item": "quark:ancient_tome",
        "count": 1,
        "nbt": "{StoredEnchantments:[{lvl:3s,id:\"minecraft:lure\"}]}"
      },
      "payment_item": {
        "item": "minecraft:emerald",
        "count": 5
      },
      "secondary_payment_item": {
        "item": "minecraft:enchanted_book",
        "count": 1,
        "nbt": "{StoredEnchantments:[{lvl:3s,id:\"minecraft:lure\"}]}"
      },
      "price_multiplier": 0.5,
      "max_trades": 2,
      "experience": 30
    },
    {
      "type": "goblintraders:basic",
      "offer_item": {
        "item": "rats:music_disc_mice_on_venus",
        "count": 1
      },
      "payment_item": {
        "item": "minecraft:emerald",
        "count": 32
      },
      "price_multiplier": 0.0,
      "max_trades": 1,
      "experience": 100
    },
    {
      "type": "goblintraders:basic",
      "offer_item": {
        "item": "rats:music_disc_living_mice",
        "count": 1
      },
      "payment_item": {
        "item": "minecraft:emerald",
        "count": 32
      },
      "price_multiplier": 0.0,
      "max_trades": 1,
      "experience": 100
    },
    {
      "type": "goblintraders:basic",
      "offer_item": {
        "item": "simplefarming:music_disc_nourish",
        "count": 1
      },
      "payment_item": {
        "item": "minecraft:emerald",
        "count": 32
      },
      "price_multiplier": 0.0,
      "max_trades": 1,
      "experience": 100
    },
    {
      "type": "goblintraders:basic",
      "offer_item": {
        "item": "the_bumblezone:music_disc_flight_of_the_bumblebee_rimsky_korsakov",
        "count": 1
      },
      "payment_item": {
        "item": "minecraft:emerald",
        "count": 32
      },
      "price_multiplier": 0.0,
      "max_trades": 1,
      "experience": 100
    },
    {
      "type": "goblintraders:basic",
      "offer_item": {
        "item": "twilightdelight:music_disc_iron_lotus",
        "count": 1
      },
      "payment_item": {
        "item": "minecraft:emerald",
        "count": 32
      },
      "price_multiplier": 0.0,
      "max_trades": 1,
      "experience": 100
    },
    {
      "type": "goblintraders:basic",
      "offer_item": {
        "item": "quark:ancient_tome",
        "count": 1,
        "nbt": "{StoredEnchantments:[{lvl:5s,id:\"minecraft:efficiency\"}]}"
      },
      "payment_item": {
        "item": "minecraft:emerald",
        "count": 5
      },
      "secondary_payment_item": {
        "item": "minecraft:enchanted_book",
        "count": 1,
        "nbt": "{StoredEnchantments:[{lvl:5s,id:\"minecraft:efficiency\"}]}"
      },
      "price_multiplier": 0.5,
      "max_trades": 2,
      "experience": 200
    },
    {
      "type": "goblintraders:basic",
      "offer_item": {
        "item": "quark:ancient_tome",
        "count": 1,
        "nbt": "{StoredEnchantments:[{lvl:3s,id:\"minecraft:fortune\"}]}"
      },
      "payment_item": {
        "item": "minecraft:emerald",
        "count": 5
      },
      "secondary_payment_item": {
        "item": "minecraft:enchanted_book",
        "count": 1,
        "nbt": "{StoredEnchantments:[{lvl:3s,id:\"minecraft:fortune\"}]}"
      },
      "price_multiplier": 0.5,
      "max_trades": 2,
      "experience": 200
    },
    {
      "type": "goblintraders:basic",
      "offer_item": {
        "item": "kubejs:gold_coin",
        "count": 1
      },
      "payment_item": {
        "item": "randomite:randomite_ore",
        "count": 20
      },
      "price_multiplier": 0.0,
      "max_trades": 1,
      "experience": 30
    }
  ]
}