{
  "replace": true,
  "trades": [
    {
      "type": "goblintraders:basic",
      "offer_item": {
        "item": "minecraft:gunpowder",
        "count": 2
      },
      "payment_item": {
        "item": "minecraft:emerald",
        "count": 1
      },
      "price_multiplier": 0.0,
      "max_trades": 32,
      "experience": 4
    },
    {
      "type": "goblintraders:basic",
      "offer_item": {
        "item": "kubejs:copper_coin",
        "count": 1
      },
      "payment_item": {
        "item": "projectvibrantjourneys:cattail",
        "count": 10
      },
      "price_multiplier": 0.0,
      "max_trades": 4,
      "experience": 10
    },
    {
      "type": "goblintraders:basic",
      "offer_item": {
        "item": "randomite:randomite_ore",
        "count": 1
      },
      "payment_item": {
        "item": "betterdefaultbiomes:tall_water_reeds",
        "count": 12
      },
      "price_multiplier": 0.0,
      "max_trades": 4,
      "experience": 10
    },
    {
      "type": "goblintraders:basic",
      "offer_item": {
        "item": "roughtweaks:plaster",
        "count": 1
      },
      "payment_item": {
        "item": "projectvibrantjourneys:bark_mushroom",
        "count": 12
      },
      "price_multiplier": 0.0,
      "max_trades": 4,
      "experience": 10
    },
    {
      "type": "goblintraders:basic",
      "offer_item": {
        "item": "roughtweaks:bandage",
        "count": 1
      },
      "payment_item": {
        "item": "projectvibrantjourneys:sea_oats",
        "count": 12
      },
      "price_multiplier": 0.0,
      "max_trades": 4,
      "experience": 10
    },
    {
      "type": "goblintraders:basic",
      "offer_item": {
        "item": "minecraft:diamond",
        "count": 1
      },
      "payment_item": {
        "item": "minecraft:flint",
        "count": 5
      },
      "secondary_payment_item": {
        "item": "pickletweaks:grass_fiber_mesh",
        "count": 1
      },
      "price_multiplier": 0.0,
      "max_trades": 1,
      "experience": 50
    },
    {
      "type": "goblintraders:basic",
      "offer_item": {
        "item": "pickletweaks:mesh",
        "count": 1
      },
      "payment_item": {
        "item": "minecraft:gravel",
        "count": 32
      },
      "price_multiplier": 0.0,
      "max_trades": 2,
      "experience": 10
    },
    {
      "type": "goblintraders:basic",
      "offer_item": {
        "item": "minecraft:chipped_anvil",
        "count": 1
      },
      "payment_item": {
        "item": "minecraft:damaged_anvil",
        "count": 1
      },
      "secondary_payment_item": {
        "item": "minecraft:iron_ingot",
        "count": 4
      },
      "price_multiplier": 0.0,
      "max_trades": 2,
      "experience": 10
    },
    {
      "type": "goblintraders:basic",
      "offer_item": {
        "item": "minecraft:anvil",
        "count": 1
      },
      "payment_item": {
        "item": "minecraft:chipped_anvil",
        "count": 1
      },
      "secondary_payment_item": {
        "item": "minecraft:iron_ingot",
        "count": 4
      },
      "price_multiplier": 0.0,
      "max_trades": 2,
      "experience": 10
    },
    {
      "type": "goblintraders:basic",
      "offer_item": {
        "item": "minecraft:terracotta",
        "count": 2
      },
      "payment_item": {
        "item": "minecraft:clay",
        "count": 1
      },
      "price_multiplier": 0.0,
      "max_trades": 64,
      "experience": 4
    },
    {
      "type": "goblintraders:basic",
      "offer_item": {
        "item": "minecraft:book",
        "count": 2
      },
      "payment_item": {
        "item": "minecraft:leather",
        "count": 1
      },
      "secondary_payment_item": {
        "item": "minecraft:paper",
        "count": 3
      },
      "price_multiplier": 0.0,
      "max_trades": 32,
      "experience": 4
    },
    {
      "type": "goblintraders:basic",
      "offer_item": {
        "item": "randomite:randomite_ore",
        "count": 1
      },
      "payment_item": {
        "item": "minecraft:lapis_block",
        "count": 1
      },
      "price_multiplier": 0.0,
      "max_trades": 32,
      "experience": 4
    },
    {
      "type": "goblintraders:basic",
      "offer_item": {
        "item": "randomite:randomite_ore",
        "count": 1
      },
      "payment_item": {
        "item": "minecraft:redstone_block",
        "count": 1
      },
      "price_multiplier": 0.0,
      "max_trades": 32,
      "experience": 4
    },
    {
      "type": "goblintraders:basic",
      "offer_item": {
        "item": "ars_nouveau:greater_experience_gem",
        "count": 1
      },
      "payment_item": {
        "item": "minecraft:emerald",
        "count": 1
      },
      "price_multiplier": 0.0,
      "max_trades": 32,
      "experience": 4
    }
  ]
}