{
    "icon": {
        "item": "minecraft:magma_cream",
        "color": 14277081
    },
    "range": {
        "deity": "greek:hephaestus",
        "minlevel": 6,
        "maxlevel": 10
    },
    "condition": [
        {
            "type": "random_tick"
        },
        {
            "type": "dimension",
            "data": "minecraft:the_nether"
        },
        {
            "type": "structure",
            "data": "minecraft:fortress"
        }
    ],
    "action": [
        {
            "type": "potion",
            "tag": {
                "Potion": "minecraft:fire_resistance",
                "Amplifier": 0,
                "Duration": 1400
            }
        }
    ],
    "cooldown": 2300,
    "cooldown_category": "hephaestus:potion",
    "chance": 0.05
}