{
    "icon": {
        "item": "minecraft:golden_pickaxe",
        "color": 14277081
    },
    "range": {
        "deity": "greek:hephaestus",
        "minlevel": 5,
        "maxlevel": 10
    },
    "condition": [
        {
            "type": "random_tick"
        }
    ],
    "action": [
        {
            "type": "potion",
            "tag": {
                "Potion": "minecraft:haste",
                "Amplifier": 1,
                "Duration": 900
            }
        }
    ],
    "cooldown": 3200,
    "chance": 0.22
}