{
  "MAINHAND": {
    "aquaculture:diamond_fillet_knife": [
      1064,
      -0.512
    ],
    "aquaculture:gold_fillet_knife": [
      1442,
      -3.536
    ],
    "aquaculture:iron_fillet_knife": [
      1371,
      -2.968
    ],
    "aquaculture:neptunium_axe": [
      1055,
      -0.44
    ],
    "aquaculture:neptunium_fillet_knife": [
      1409,
      -3.272
    ],
    "aquaculture:neptunium_sword": [
      696,
      2.432
    ],
    "aquaculture:stone_fillet_knife": [
      1410,
      -3.28
    ],
    "aquaculture:wooden_fillet_knife": [
      1436,
      -3.488
    ],
    "ars_nouveau:enchanters_sword": [
      602,
      3.184
    ],
    "atum:anputs_grounding": [
      975,
      0.0
    ],
    "atum:anputs_hunger": [
      583,
      3.336
    ],
    "atum:anubis_wrath": [
      625,
      3.0
    ],
    "atum:atems_will": [
      537,
      3.704
    ],
    "atum:dagger_poison": [
      1263,
      -2.104
    ],
    "atum:gebs_might": [
      1,
      12.216
    ],
    "atum:horus_ascension": [
      583,
      3.336
    ],
    "atum:iron_club": [
      625,
      3.0
    ],
    "atum:iron_dagger": [
      1263,
      -2.104
    ],
    "atum:iron_greatsword": [
      975,
      0.2
    ],
    "atum:iron_khopesh": [
      1225,
      -1.8
    ],
    "atum:iron_scimitar": [
      1225,
      -1.8
    ],
    "atum:limestone_axe": [
      1244,
      -1.952
    ],
    "atum:limestone_sword": [
      1298,
      -2.384
    ],
    "atum:montus_strike": [
      982,
      0.144
    ],
    "atum:nepthys_banishing": [
      537,
      3.704
    ],
    "atum:nuits_ire": [
      537,
      3.704
    ],
    "atum:nuits_quarter": [
      537,
      3.704
    ],
    "atum:scepter_anput": [
      537,
      3.704
    ],
    "atum:scepter_anubis": [
      537,
      3.704
    ],
    "atum:scepter_atem": [
      537,
      3.704
    ],
    "atum:scepter_geb": [
      537,
      3.704
    ],
    "atum:scepter_horus": [
      537,
      3.704
    ],
    "atum:scepter_isis": [
      537,
      3.704
    ],
    "atum:scepter_montu": [
      537,
      3.704
    ],
    "atum:scepter_nepthys": [
      537,
      3.704
    ],
    "atum:scepter_nuit": [
      537,
      3.704
    ],
    "atum:scepter_osiris": [
      537,
      3.704
    ],
    "atum:scepter_ptah": [
      537,
      3.704
    ],
    "atum:scepter_ra": [
      537,
      3.704
    ],
    "atum:scepter_seth": [
      537,
      3.704
    ],
    "atum:scepter_shu": [
      537,
      3.704
    ],
    "atum:scepter_tefnut": [
      537,
      3.704
    ],
    "atum:seths_sting": [
      583,
      3.336
    ],
    "atum:seths_venom": [
      975,
      0.0
    ],
    "atum:shus_exile": [
      1010,
      -0.08
    ],
    "atum:stoneguard_club": [
      722,
      2.224
    ],
    "atum:stoneguard_greatsword": [
      1054,
      -0.432
    ],
    "atum:stoneguard_khopesh": [
      1286,
      -2.288
    ],
    "atum:stoneguard_sword": [
      1286,
      -2.288
    ],
    "betterendforge:aeternium_axe": [
      967,
      0.264
    ],
    "betterendforge:aeternium_sword": [
      528,
      3.776
    ],
    "betterendforge:terminite_axe": [
      1089,
      -0.712
    ],
    "betterendforge:terminite_sword": [
      889,
      0.888
    ],
    "betterendforge:thallasium_axe": [
      1247,
      -1.976
    ],
    "betterendforge:thallasium_sword": [
      1223,
      -1.784
    ],
    "blue_skies:aquite_axe": [
      1231,
      -1.848
    ],
    "blue_skies:aquite_sword": [
      1219,
      -1.752
    ],
    "blue_skies:bluebright_axe": [
      1332,
      -2.656
    ],
    "blue_skies:bluebright_sword": [
      1354,
      -2.832
    ],
    "blue_skies:charoite_axe": [
      1101,
      -0.808
    ],
    "blue_skies:charoite_sword": [
      789,
      1.688
    ],
    "blue_skies:cherry_axe": [
      1309,
      -2.472
    ],
    "blue_skies:cherry_sword": [
      1325,
      -2.6
    ],
    "blue_skies:diopside_axe": [
      941,
      0.472
    ],
    "blue_skies:diopside_sword": [
      663,
      2.696
    ],
    "blue_skies:dusk_axe": [
      1332,
      -2.656
    ],
    "blue_skies:dusk_sword": [
      1354,
      -2.832
    ],
    "blue_skies:frostbright_axe": [
      1332,
      -2.656
    ],
    "blue_skies:frostbright_sword": [
      1354,
      -2.832
    ],
    "blue_skies:horizonite_axe": [
      1233,
      -1.864
    ],
    "blue_skies:horizonite_sword": [
      1225,
      -1.8
    ],
    "blue_skies:infused_arc_sword": [
      892,
      0.864
    ],
    "blue_skies:lunar_axe": [
      1332,
      -2.656
    ],
    "blue_skies:lunar_stone_axe": [
      1244,
      -1.952
    ],
    "blue_skies:lunar_stone_sword": [
      1298,
      -2.384
    ],
    "blue_skies:lunar_sword": [
      1354,
      -2.832
    ],
    "blue_skies:maple_axe": [
      1332,
      -2.656
    ],
    "blue_skies:maple_sword": [
      1354,
      -2.832
    ],
    "blue_skies:pyrope_axe": [
      1259,
      -2.072
    ],
    "blue_skies:pyrope_sword": [
      1259,
      -2.072
    ],
    "blue_skies:starlit_axe": [
      1332,
      -2.656
    ],
    "blue_skies:starlit_sword": [
      1354,
      -2.832
    ],
    "blue_skies:turquoise_stone_axe": [
      1244,
      -1.952
    ],
    "blue_skies:turquoise_stone_sword": [
      1298,
      -2.384
    ],
    "buddycards:buddysteel_axe": [
      1053,
      -0.424
    ],
    "buddycards:buddysteel_fillet_knife": [
      835,
      1.32
    ],
    "buddycards:buddysteel_sword": [
      757,
      1.944
    ],
    "buddycards:perfect_buddysteel_axe": [
      904,
      0.768
    ],
    "buddycards:perfect_buddysteel_sword": [
      416,
      4.672
    ],
    "eidolon:cleaving_axe": [
      1179,
      -1.432
    ],
    "eidolon:reaper_scythe": [
      1114,
      -0.912
    ],
    "eidolon:sapping_sword": [
      1185,
      -1.48
    ],
    "enigmaticlegacy:etherium_axe": [
      552,
      3.584
    ],
    "enigmaticlegacy:etherium_scythe": [
      262,
      5.904
    ],
    "enigmaticlegacy:etherium_sword": [
      88,
      7.296
    ],
    "enigmaticlegacy:forbidden_axe": [
      508,
      3.936
    ],
    "good_nights_sleep:candy_axe": [
      1238,
      -1.904
    ],
    "good_nights_sleep:candy_sword": [
      1279,
      -2.232
    ],
    "good_nights_sleep:necrum_axe": [
      1198,
      -1.584
    ],
    "good_nights_sleep:necrum_sword": [
      1260,
      -2.08
    ],
    "good_nights_sleep:negatite_axe": [
      1148,
      -1.184
    ],
    "good_nights_sleep:negatite_sword": [
      882,
      0.944
    ],
    "good_nights_sleep:positite_axe": [
      1023,
      -0.184
    ],
    "good_nights_sleep:positite_sword": [
      555,
      3.56
    ],
    "good_nights_sleep:rainbow_axe": [
      1220,
      -1.76
    ],
    "good_nights_sleep:rainbow_sword": [
      1187,
      -1.496
    ],
    "good_nights_sleep:zitrite_axe": [
      1138,
      -1.104
    ],
    "good_nights_sleep:zitrite_sword": [
      987,
      0.104
    ],
    "greekfantasy:flint_knife": [
      1354,
      -2.832
    ],
    "greekfantasy:ivory_sword": [
      789,
      1.688
    ],
    "iceandfire:amphithere_macuahuitl": [
      1188,
      -1.504
    ],
    "iceandfire:dragonbone_axe": [
      1046,
      -0.368
    ],
    "iceandfire:dragonbone_sword": [
      714,
      2.288
    ],
    "iceandfire:dragonbone_sword_fire": [
      535,
      3.72
    ],
    "iceandfire:dragonbone_sword_ice": [
      535,
      3.72
    ],
    "iceandfire:dragonbone_sword_lightning": [
      535,
      3.72
    ],
    "iceandfire:dragonsteel_fire_axe": [
      1,
      18.784
    ],
    "iceandfire:dragonsteel_fire_sword": [
      1,
      29.6
    ],
    "iceandfire:dragonsteel_ice_axe": [
      1,
      18.784
    ],
    "iceandfire:dragonsteel_ice_sword": [
      1,
      29.6
    ],
    "iceandfire:dragonsteel_lightning_axe": [
      1,
      18.784
    ],
    "iceandfire:dragonsteel_lightning_sword": [
      1,
      29.6
    ],
    "iceandfire:dread_knight_sword": [
      258,
      5.936
    ],
    "iceandfire:dread_queen_sword": [
      1,
      29.6
    ],
    "iceandfire:dread_sword": [
      1308,
      -2.464
    ],
    "iceandfire:ghost_sword": [
      150,
      6.8
    ],
    "iceandfire:hippocampus_slapper": [
      1278,
      -2.224
    ],
    "iceandfire:hippogryph_sword": [
      1129,
      -1.032
    ],
    "iceandfire:myrmex_desert_axe": [
      1278,
      -2.224
    ],
    "iceandfire:myrmex_desert_sword": [
      1158,
      -1.264
    ],
    "iceandfire:myrmex_desert_sword_venom": [
      1158,
      -1.264
    ],
    "iceandfire:myrmex_jungle_axe": [
      1278,
      -2.224
    ],
    "iceandfire:myrmex_jungle_sword": [
      1158,
      -1.264
    ],
    "iceandfire:myrmex_jungle_sword_venom": [
      1158,
      -1.264
    ],
    "iceandfire:silver_axe": [
      1292,
      -2.336
    ],
    "iceandfire:silver_sword": [
      1200,
      -1.6
    ],
    "iceandfire:stymphalian_bird_dagger": [
      1150,
      -1.2
    ],
    "iceandfire:troll_weapon_axe": [
      528,
      3.776
    ],
    "iceandfire:troll_weapon_column": [
      528,
      3.776
    ],
    "iceandfire:troll_weapon_column_forest": [
      528,
      3.776
    ],
    "iceandfire:troll_weapon_column_frost": [
      528,
      3.776
    ],
    "iceandfire:troll_weapon_hammer": [
      528,
      3.776
    ],
    "iceandfire:troll_weapon_trunk": [
      528,
      3.776
    ],
    "iceandfire:troll_weapon_trunk_frost": [
      528,
      3.776
    ],
    "majruszs_difficulty:end_axe": [
      894,
      0.848
    ],
    "majruszs_difficulty:end_sword": [
      520,
      3.84
    ],
    "majruszs_difficulty:wither_sword": [
      1150,
      -1.2
    ],
    "meetyourfight:cocktail_cutlass": [
      307,
      5.544
    ],
    "meetyourfight:depth_star": [
      954,
      0.368
    ],
    "minecraft:diamond_axe": [
      1101,
      -0.808
    ],
    "minecraft:diamond_sword": [
      789,
      1.688
    ],
    "minecraft:golden_axe": [
      1334,
      -2.672
    ],
    "minecraft:golden_sword": [
      1362,
      -2.896
    ],
    "minecraft:iron_axe": [
      1233,
      -1.864
    ],
    "minecraft:iron_sword": [
      1225,
      -1.8
    ],
    "minecraft:netherite_axe": [
      1008,
      -0.064
    ],
    "minecraft:netherite_sword": [
      602,
      3.184
    ],
    "minecraft:snowball": [
      1400,
      0.0
    ],
    "minecraft:stone_axe": [
      1244,
      -1.952
    ],
    "minecraft:stone_sword": [
      1298,
      -2.384
    ],
    "minecraft:trident": [
      900,
      0.0
    ],
    "minecraft:wooden_axe": [
      1332,
      -2.656
    ],
    "minecraft:wooden_sword": [
      1354,
      -2.832
    ],
    "mowziesmobs:blowgun": [
      1150,
      0.0
    ],
    "mowziesmobs:wrought_axe": [
      1233,
      -1.864
    ],
    "mysticalworld:cactus_axe": [
      1379,
      -3.032
    ],
    "mysticalworld:cactus_spear": [
      1364,
      -2.912
    ],
    "mysticalworld:cactus_sword": [
      1364,
      -2.912
    ],
    "mysticalworld:copper_axe": [
      1280,
      -2.24
    ],
    "mysticalworld:copper_sword": [
      1240,
      -1.92
    ],
    "mysticalworld:lead_axe": [
      1122,
      -0.976
    ],
    "mysticalworld:lead_sword": [
      1084,
      -0.672
    ],
    "mysticalworld:sapphire_axe": [
      1116,
      -0.928
    ],
    "mysticalworld:sapphire_sword": [
      970,
      0.24
    ],
    "mysticalworld:tin_axe": [
      1241,
      -1.928
    ],
    "mysticalworld:tin_sword": [
      1250,
      -2.0
    ],
    "pickletweaks:diamond_scythe": [
      743,
      2.056
    ],
    "pickletweaks:emerald_axe": [
      1029,
      -0.232
    ],
    "pickletweaks:emerald_scythe": [
      764,
      1.888
    ],
    "pickletweaks:emerald_sword": [
      814,
      1.488
    ],
    "pickletweaks:flint_axe": [
      1253,
      -2.024
    ],
    "pickletweaks:flint_scythe": [
      1221,
      -1.768
    ],
    "pickletweaks:flint_sword": [
      1262,
      -2.096
    ],
    "pickletweaks:golden_scythe": [
      1328,
      -2.624
    ],
    "pickletweaks:iron_scythe": [
      1183,
      -1.464
    ],
    "pickletweaks:netherite_scythe": [
      552,
      3.584
    ],
    "pickletweaks:stone_scythe": [
      1260,
      -2.08
    ],
    "pickletweaks:wooden_scythe": [
      1320,
      -2.56
    ],
    "rats:plague_scythe": [
      600,
      3.2
    ],
    "relics:runic_hammer": [
      1078,
      -0.624
    ],
    "spartantwilight:battleaxe_fiery": [
      1030,
      -0.24
    ],
    "spartantwilight:battleaxe_ironwood": [
      1248,
      -1.984
    ],
    "spartantwilight:battleaxe_knightly": [
      1218,
      -1.744
    ],
    "spartantwilight:battleaxe_steeleaf": [
      1332,
      -2.656
    ],
    "spartantwilight:dagger_fiery": [
      1030,
      -0.24
    ],
    "spartantwilight:dagger_ironwood": [
      1248,
      -1.984
    ],
    "spartantwilight:dagger_knightly": [
      1218,
      -1.744
    ],
    "spartantwilight:dagger_steeleaf": [
      1332,
      -2.656
    ],
    "spartantwilight:flanged_mace_fiery": [
      1030,
      -0.24
    ],
    "spartantwilight:flanged_mace_ironwood": [
      1248,
      -1.984
    ],
    "spartantwilight:flanged_mace_knightly": [
      1218,
      -1.744
    ],
    "spartantwilight:flanged_mace_steeleaf": [
      1332,
      -2.656
    ],
    "spartantwilight:glaive_fiery": [
      1030,
      -0.24
    ],
    "spartantwilight:glaive_ironwood": [
      1248,
      -1.984
    ],
    "spartantwilight:glaive_knightly": [
      1218,
      -1.744
    ],
    "spartantwilight:glaive_steeleaf": [
      1332,
      -2.656
    ],
    "spartantwilight:greatsword_fiery": [
      1030,
      -0.24
    ],
    "spartantwilight:greatsword_ironwood": [
      1248,
      -1.984
    ],
    "spartantwilight:greatsword_knightly": [
      1218,
      -1.744
    ],
    "spartantwilight:greatsword_steeleaf": [
      1332,
      -2.656
    ],
    "spartantwilight:halberd_fiery": [
      1030,
      -0.24
    ],
    "spartantwilight:halberd_ironwood": [
      1248,
      -1.984
    ],
    "spartantwilight:halberd_knightly": [
      1218,
      -1.744
    ],
    "spartantwilight:halberd_steeleaf": [
      1332,
      -2.656
    ],
    "spartantwilight:hammer_fiery": [
      1030,
      -0.24
    ],
    "spartantwilight:hammer_ironwood": [
      1248,
      -1.984
    ],
    "spartantwilight:hammer_knightly": [
      1218,
      -1.744
    ],
    "spartantwilight:hammer_steeleaf": [
      1332,
      -2.656
    ],
    "spartantwilight:katana_fiery": [
      1030,
      -0.24
    ],
    "spartantwilight:katana_ironwood": [
      1248,
      -1.984
    ],
    "spartantwilight:katana_knightly": [
      1218,
      -1.744
    ],
    "spartantwilight:katana_steeleaf": [
      1332,
      -2.656
    ],
    "spartantwilight:lance_fiery": [
      1030,
      -0.24
    ],
    "spartantwilight:lance_ironwood": [
      1248,
      -1.984
    ],
    "spartantwilight:lance_knightly": [
      1218,
      -1.744
    ],
    "spartantwilight:lance_steeleaf": [
      1332,
      -2.656
    ],
    "spartantwilight:longsword_fiery": [
      1030,
      -0.24
    ],
    "spartantwilight:longsword_ironwood": [
      1248,
      -1.984
    ],
    "spartantwilight:longsword_knightly": [
      1218,
      -1.744
    ],
    "spartantwilight:longsword_steeleaf": [
      1332,
      -2.656
    ],
    "spartantwilight:parrying_dagger_fiery": [
      1030,
      -0.24
    ],
    "spartantwilight:parrying_dagger_ironwood": [
      1248,
      -1.984
    ],
    "spartantwilight:parrying_dagger_knightly": [
      1218,
      -1.744
    ],
    "spartantwilight:parrying_dagger_steeleaf": [
      1332,
      -2.656
    ],
    "spartantwilight:pike_fiery": [
      1030,
      -0.24
    ],
    "spartantwilight:pike_ironwood": [
      1248,
      -1.984
    ],
    "spartantwilight:pike_knightly": [
      1218,
      -1.744
    ],
    "spartantwilight:pike_steeleaf": [
      1332,
      -2.656
    ],
    "spartantwilight:quarterstaff_fiery": [
      1030,
      -0.24
    ],
    "spartantwilight:quarterstaff_ironwood": [
      1248,
      -1.984
    ],
    "spartantwilight:quarterstaff_knightly": [
      1218,
      -1.744
    ],
    "spartantwilight:quarterstaff_steeleaf": [
      1332,
      -2.656
    ],
    "spartantwilight:rapier_fiery": [
      1030,
      -0.24
    ],
    "spartantwilight:rapier_ironwood": [
      1248,
      -1.984
    ],
    "spartantwilight:rapier_knightly": [
      1218,
      -1.744
    ],
    "spartantwilight:rapier_steeleaf": [
      1332,
      -2.656
    ],
    "spartantwilight:saber_fiery": [
      1030,
      -0.24
    ],
    "spartantwilight:saber_ironwood": [
      1248,
      -1.984
    ],
    "spartantwilight:saber_knightly": [
      1218,
      -1.744
    ],
    "spartantwilight:saber_steeleaf": [
      1332,
      -2.656
    ],
    "spartantwilight:scythe_fiery": [
      1030,
      -0.24
    ],
    "spartantwilight:scythe_ironwood": [
      1248,
      -1.984
    ],
    "spartantwilight:scythe_knightly": [
      1218,
      -1.744
    ],
    "spartantwilight:scythe_steeleaf": [
      1332,
      -2.656
    ],
    "spartantwilight:spear_fiery": [
      1030,
      -0.24
    ],
    "spartantwilight:spear_ironwood": [
      1248,
      -1.984
    ],
    "spartantwilight:spear_knightly": [
      1218,
      -1.744
    ],
    "spartantwilight:spear_steeleaf": [
      1332,
      -2.656
    ],
    "spartantwilight:warhammer_fiery": [
      1030,
      -0.24
    ],
    "spartantwilight:warhammer_ironwood": [
      1248,
      -1.984
    ],
    "spartantwilight:warhammer_knightly": [
      1218,
      -1.744
    ],
    "spartantwilight:warhammer_steeleaf": [
      1332,
      -2.656
    ],
    "spartanweaponry:battleaxe_copper": [
      1355,
      -2.84
    ],
    "spartanweaponry:battleaxe_diamond": [
      903,
      0.776
    ],
    "spartanweaponry:battleaxe_gold": [
      1440,
      -3.52
    ],
    "spartanweaponry:battleaxe_iron": [
      1327,
      -2.616
    ],
    "spartanweaponry:battleaxe_lead": [
      1315,
      -2.52
    ],
    "spartanweaponry:battleaxe_netherite": [
      728,
      2.176
    ],
    "spartanweaponry:battleaxe_silver": [
      1401,
      -3.208
    ],
    "spartanweaponry:battleaxe_stone": [
      1388,
      -3.104
    ],
    "spartanweaponry:battleaxe_tin": [
      1354,
      -2.832
    ],
    "spartanweaponry:battleaxe_wood": [
      1432,
      -3.456
    ],
    "spartanweaponry:cestus": [
      1411,
      -3.288
    ],
    "spartanweaponry:cestus_studded": [
      1327,
      -2.616
    ],
    "spartanweaponry:club_studded": [
      1327,
      -2.616
    ],
    "spartanweaponry:club_wood": [
      1432,
      -3.456
    ],
    "spartanweaponry:dagger_copper": [
      1355,
      -2.84
    ],
    "spartanweaponry:dagger_diamond": [
      903,
      0.776
    ],
    "spartanweaponry:dagger_gold": [
      1440,
      -3.52
    ],
    "spartanweaponry:dagger_iron": [
      1327,
      -2.616
    ],
    "spartanweaponry:dagger_lead": [
      1315,
      -2.52
    ],
    "spartanweaponry:dagger_netherite": [
      728,
      2.176
    ],
    "spartanweaponry:dagger_silver": [
      1401,
      -3.208
    ],
    "spartanweaponry:dagger_stone": [
      1388,
      -3.104
    ],
    "spartanweaponry:dagger_tin": [
      1354,
      -2.832
    ],
    "spartanweaponry:dagger_wood": [
      1432,
      -3.456
    ],
    "spartanweaponry:flanged_mace_copper": [
      1355,
      -2.84
    ],
    "spartanweaponry:flanged_mace_diamond": [
      903,
      0.776
    ],
    "spartanweaponry:flanged_mace_gold": [
      1440,
      -3.52
    ],
    "spartanweaponry:flanged_mace_iron": [
      1327,
      -2.616
    ],
    "spartanweaponry:flanged_mace_lead": [
      1315,
      -2.52
    ],
    "spartanweaponry:flanged_mace_netherite": [
      728,
      2.176
    ],
    "spartanweaponry:flanged_mace_silver": [
      1401,
      -3.208
    ],
    "spartanweaponry:flanged_mace_stone": [
      1388,
      -3.104
    ],
    "spartanweaponry:flanged_mace_tin": [
      1354,
      -2.832
    ],
    "spartanweaponry:flanged_mace_wood": [
      1432,
      -3.456
    ],
    "spartanweaponry:glaive_copper": [
      1355,
      -2.84
    ],
    "spartanweaponry:glaive_diamond": [
      903,
      0.776
    ],
    "spartanweaponry:glaive_gold": [
      1440,
      -3.52
    ],
    "spartanweaponry:glaive_iron": [
      1327,
      -2.616
    ],
    "spartanweaponry:glaive_lead": [
      1315,
      -2.52
    ],
    "spartanweaponry:glaive_netherite": [
      728,
      2.176
    ],
    "spartanweaponry:glaive_silver": [
      1401,
      -3.208
    ],
    "spartanweaponry:glaive_stone": [
      1388,
      -3.104
    ],
    "spartanweaponry:glaive_tin": [
      1354,
      -2.832
    ],
    "spartanweaponry:glaive_wood": [
      1432,
      -3.456
    ],
    "spartanweaponry:greatsword_copper": [
      1355,
      -2.84
    ],
    "spartanweaponry:greatsword_diamond": [
      903,
      0.776
    ],
    "spartanweaponry:greatsword_gold": [
      1440,
      -3.52
    ],
    "spartanweaponry:greatsword_iron": [
      1327,
      -2.616
    ],
    "spartanweaponry:greatsword_lead": [
      1315,
      -2.52
    ],
    "spartanweaponry:greatsword_netherite": [
      728,
      2.176
    ],
    "spartanweaponry:greatsword_silver": [
      1401,
      -3.208
    ],
    "spartanweaponry:greatsword_stone": [
      1388,
      -3.104
    ],
    "spartanweaponry:greatsword_tin": [
      1354,
      -2.832
    ],
    "spartanweaponry:greatsword_wood": [
      1432,
      -3.456
    ],
    "spartanweaponry:halberd_copper": [
      1355,
      -2.84
    ],
    "spartanweaponry:halberd_diamond": [
      903,
      0.776
    ],
    "spartanweaponry:halberd_gold": [
      1440,
      -3.52
    ],
    "spartanweaponry:halberd_iron": [
      1327,
      -2.616
    ],
    "spartanweaponry:halberd_lead": [
      1315,
      -2.52
    ],
    "spartanweaponry:halberd_netherite": [
      728,
      2.176
    ],
    "spartanweaponry:halberd_silver": [
      1401,
      -3.208
    ],
    "spartanweaponry:halberd_stone": [
      1388,
      -3.104
    ],
    "spartanweaponry:halberd_tin": [
      1354,
      -2.832
    ],
    "spartanweaponry:halberd_wood": [
      1432,
      -3.456
    ],
    "spartanweaponry:hammer_copper": [
      1355,
      -2.84
    ],
    "spartanweaponry:hammer_diamond": [
      903,
      0.776
    ],
    "spartanweaponry:hammer_gold": [
      1440,
      -3.52
    ],
    "spartanweaponry:hammer_iron": [
      1327,
      -2.616
    ],
    "spartanweaponry:hammer_lead": [
      1315,
      -2.52
    ],
    "spartanweaponry:hammer_netherite": [
      728,
      2.176
    ],
    "spartanweaponry:hammer_silver": [
      1401,
      -3.208
    ],
    "spartanweaponry:hammer_stone": [
      1388,
      -3.104
    ],
    "spartanweaponry:hammer_tin": [
      1354,
      -2.832
    ],
    "spartanweaponry:hammer_wood": [
      1432,
      -3.456
    ],
    "spartanweaponry:katana_copper": [
      1355,
      -2.84
    ],
    "spartanweaponry:katana_diamond": [
      903,
      0.776
    ],
    "spartanweaponry:katana_gold": [
      1440,
      -3.52
    ],
    "spartanweaponry:katana_iron": [
      1327,
      -2.616
    ],
    "spartanweaponry:katana_lead": [
      1315,
      -2.52
    ],
    "spartanweaponry:katana_netherite": [
      728,
      2.176
    ],
    "spartanweaponry:katana_silver": [
      1401,
      -3.208
    ],
    "spartanweaponry:katana_stone": [
      1388,
      -3.104
    ],
    "spartanweaponry:katana_tin": [
      1354,
      -2.832
    ],
    "spartanweaponry:katana_wood": [
      1432,
      -3.456
    ],
    "spartanweaponry:lance_copper": [
      1355,
      -2.84
    ],
    "spartanweaponry:lance_diamond": [
      903,
      0.776
    ],
    "spartanweaponry:lance_gold": [
      1440,
      -3.52
    ],
    "spartanweaponry:lance_iron": [
      1327,
      -2.616
    ],
    "spartanweaponry:lance_lead": [
      1315,
      -2.52
    ],
    "spartanweaponry:lance_netherite": [
      728,
      2.176
    ],
    "spartanweaponry:lance_silver": [
      1401,
      -3.208
    ],
    "spartanweaponry:lance_stone": [
      1388,
      -3.104
    ],
    "spartanweaponry:lance_tin": [
      1354,
      -2.832
    ],
    "spartanweaponry:lance_wood": [
      1432,
      -3.456
    ],
    "spartanweaponry:longsword_copper": [
      1355,
      -2.84
    ],
    "spartanweaponry:longsword_diamond": [
      903,
      0.776
    ],
    "spartanweaponry:longsword_gold": [
      1440,
      -3.52
    ],
    "spartanweaponry:longsword_iron": [
      1327,
      -2.616
    ],
    "spartanweaponry:longsword_lead": [
      1315,
      -2.52
    ],
    "spartanweaponry:longsword_netherite": [
      728,
      2.176
    ],
    "spartanweaponry:longsword_silver": [
      1401,
      -3.208
    ],
    "spartanweaponry:longsword_stone": [
      1388,
      -3.104
    ],
    "spartanweaponry:longsword_tin": [
      1354,
      -2.832
    ],
    "spartanweaponry:longsword_wood": [
      1432,
      -3.456
    ],
    "spartanweaponry:parrying_dagger_copper": [
      1355,
      -2.84
    ],
    "spartanweaponry:parrying_dagger_diamond": [
      903,
      0.776
    ],
    "spartanweaponry:parrying_dagger_gold": [
      1440,
      -3.52
    ],
    "spartanweaponry:parrying_dagger_iron": [
      1327,
      -2.616
    ],
    "spartanweaponry:parrying_dagger_lead": [
      1315,
      -2.52
    ],
    "spartanweaponry:parrying_dagger_netherite": [
      728,
      2.176
    ],
    "spartanweaponry:parrying_dagger_silver": [
      1401,
      -3.208
    ],
    "spartanweaponry:parrying_dagger_stone": [
      1388,
      -3.104
    ],
    "spartanweaponry:parrying_dagger_tin": [
      1354,
      -2.832
    ],
    "spartanweaponry:parrying_dagger_wood": [
      1432,
      -3.456
    ],
    "spartanweaponry:pike_copper": [
      1355,
      -2.84
    ],
    "spartanweaponry:pike_diamond": [
      903,
      0.776
    ],
    "spartanweaponry:pike_gold": [
      1440,
      -3.52
    ],
    "spartanweaponry:pike_iron": [
      1327,
      -2.616
    ],
    "spartanweaponry:pike_lead": [
      1315,
      -2.52
    ],
    "spartanweaponry:pike_netherite": [
      728,
      2.176
    ],
    "spartanweaponry:pike_silver": [
      1401,
      -3.208
    ],
    "spartanweaponry:pike_stone": [
      1388,
      -3.104
    ],
    "spartanweaponry:pike_tin": [
      1354,
      -2.832
    ],
    "spartanweaponry:pike_wood": [
      1432,
      -3.456
    ],
    "spartanweaponry:quarterstaff_copper": [
      1355,
      -2.84
    ],
    "spartanweaponry:quarterstaff_diamond": [
      903,
      0.776
    ],
    "spartanweaponry:quarterstaff_gold": [
      1440,
      -3.52
    ],
    "spartanweaponry:quarterstaff_iron": [
      1327,
      -2.616
    ],
    "spartanweaponry:quarterstaff_lead": [
      1315,
      -2.52
    ],
    "spartanweaponry:quarterstaff_netherite": [
      728,
      2.176
    ],
    "spartanweaponry:quarterstaff_silver": [
      1401,
      -3.208
    ],
    "spartanweaponry:quarterstaff_stone": [
      1388,
      -3.104
    ],
    "spartanweaponry:quarterstaff_tin": [
      1354,
      -2.832
    ],
    "spartanweaponry:quarterstaff_wood": [
      1432,
      -3.456
    ],
    "spartanweaponry:rapier_copper": [
      1355,
      -2.84
    ],
    "spartanweaponry:rapier_diamond": [
      903,
      0.776
    ],
    "spartanweaponry:rapier_gold": [
      1440,
      -3.52
    ],
    "spartanweaponry:rapier_iron": [
      1327,
      -2.616
    ],
    "spartanweaponry:rapier_lead": [
      1315,
      -2.52
    ],
    "spartanweaponry:rapier_netherite": [
      728,
      2.176
    ],
    "spartanweaponry:rapier_silver": [
      1401,
      -3.208
    ],
    "spartanweaponry:rapier_stone": [
      1388,
      -3.104
    ],
    "spartanweaponry:rapier_tin": [
      1354,
      -2.832
    ],
    "spartanweaponry:rapier_wood": [
      1432,
      -3.456
    ],
    "spartanweaponry:saber_copper": [
      1355,
      -2.84
    ],
    "spartanweaponry:saber_diamond": [
      903,
      0.776
    ],
    "spartanweaponry:saber_gold": [
      1440,
      -3.52
    ],
    "spartanweaponry:saber_iron": [
      1327,
      -2.616
    ],
    "spartanweaponry:saber_lead": [
      1315,
      -2.52
    ],
    "spartanweaponry:saber_netherite": [
      728,
      2.176
    ],
    "spartanweaponry:saber_silver": [
      1401,
      -3.208
    ],
    "spartanweaponry:saber_stone": [
      1388,
      -3.104
    ],
    "spartanweaponry:saber_tin": [
      1354,
      -2.832
    ],
    "spartanweaponry:saber_wood": [
      1432,
      -3.456
    ],
    "spartanweaponry:scythe_copper": [
      1355,
      -2.84
    ],
    "spartanweaponry:scythe_diamond": [
      903,
      0.776
    ],
    "spartanweaponry:scythe_gold": [
      1440,
      -3.52
    ],
    "spartanweaponry:scythe_iron": [
      1327,
      -2.616
    ],
    "spartanweaponry:scythe_lead": [
      1315,
      -2.52
    ],
    "spartanweaponry:scythe_netherite": [
      728,
      2.176
    ],
    "spartanweaponry:scythe_silver": [
      1401,
      -3.208
    ],
    "spartanweaponry:scythe_stone": [
      1388,
      -3.104
    ],
    "spartanweaponry:scythe_tin": [
      1354,
      -2.832
    ],
    "spartanweaponry:scythe_wood": [
      1432,
      -3.456
    ],
    "spartanweaponry:spear_copper": [
      1355,
      -2.84
    ],
    "spartanweaponry:spear_diamond": [
      903,
      0.776
    ],
    "spartanweaponry:spear_gold": [
      1440,
      -3.52
    ],
    "spartanweaponry:spear_iron": [
      1327,
      -2.616
    ],
    "spartanweaponry:spear_lead": [
      1315,
      -2.52
    ],
    "spartanweaponry:spear_netherite": [
      728,
      2.176
    ],
    "spartanweaponry:spear_silver": [
      1401,
      -3.208
    ],
    "spartanweaponry:spear_stone": [
      1388,
      -3.104
    ],
    "spartanweaponry:spear_tin": [
      1354,
      -2.832
    ],
    "spartanweaponry:spear_wood": [
      1432,
      -3.456
    ],
    "spartanweaponry:warhammer_copper": [
      1355,
      -2.84
    ],
    "spartanweaponry:warhammer_diamond": [
      903,
      0.776
    ],
    "spartanweaponry:warhammer_gold": [
      1440,
      -3.52
    ],
    "spartanweaponry:warhammer_iron": [
      1327,
      -2.616
    ],
    "spartanweaponry:warhammer_lead": [
      1315,
      -2.52
    ],
    "spartanweaponry:warhammer_netherite": [
      728,
      2.176
    ],
    "spartanweaponry:warhammer_silver": [
      1401,
      -3.208
    ],
    "spartanweaponry:warhammer_stone": [
      1388,
      -3.104
    ],
    "spartanweaponry:warhammer_tin": [
      1354,
      -2.832
    ],
    "spartanweaponry:warhammer_wood": [
      1432,
      -3.456
    ],
    "stalwart_dungeons:awful_dagger": [
      805,
      1.56
    ],
    "stalwart_dungeons:chorundum_axe": [
      959,
      0.328
    ],
    "stalwart_dungeons:chorundum_sword": [
      555,
      3.56
    ],
    "stalwart_dungeons:tungsten_axe": [
      1160,
      -1.28
    ],
    "stalwart_dungeons:tungsten_sword": [
      987,
      0.104
    ],
    "tropicraft:eudialyte_axe": [
      1225,
      -1.8
    ],
    "tropicraft:eudialyte_sword": [
      1075,
      -0.6
    ],
    "tropicraft:zircon_axe": [
      1318,
      -2.544
    ],
    "tropicraft:zircon_sword": [
      1278,
      -2.224
    ],
    "tropicraft:zirconium_axe": [
      1078,
      -0.624
    ],
    "tropicraft:zirconium_sword": [
      718,
      2.256
    ],
    "twilightforest:fiery_sword": [
      904,
      0.768
    ],
    "twilightforest:giant_sword": [
      680,
      2.56
    ],
    "twilightforest:ice_sword": [
      1225,
      -1.8
    ],
    "twilightforest:ironwood_axe": [
      1206,
      -1.648
    ],
    "twilightforest:ironwood_sword": [
      1146,
      -1.168
    ],
    "twilightforest:knightmetal_axe": [
      1160,
      -1.28
    ],
    "twilightforest:knightmetal_sword": [
      1104,
      -0.832
    ],
    "twilightforest:minotaur_axe": [
      1055,
      -0.44
    ],
    "twilightforest:minotaur_axe_gold": [
      1334,
      -2.672
    ],
    "twilightforest:steeleaf_axe": [
      1198,
      -1.584
    ],
    "twilightforest:steeleaf_sword": [
      1218,
      -1.744
    ],
    "undergarden:cloggrum_axe": [
      1271,
      -2.168
    ],
    "undergarden:cloggrum_battleaxe": [
      850,
      1.2
    ],
    "undergarden:cloggrum_sword": [
      1126,
      -1.008
    ],
    "undergarden:forgotten_axe": [
      1005,
      -0.04
    ],
    "undergarden:forgotten_battleaxe": [
      1,
      10.4
    ],
    "undergarden:forgotten_sword": [
      638,
      2.896
    ],
    "undergarden:froststeel_axe": [
      1200,
      -1.6
    ],
    "undergarden:froststeel_sword": [
      1085,
      -0.68
    ],
    "undergarden:utheric_axe": [
      1151,
      -1.208
    ],
    "undergarden:utheric_sword": [
      851,
      1.192
    ],
    "upgradednetherite:corrupt_upgraded_netherite_axe": [
      1008,
      -0.064
    ],
    "upgradednetherite:corrupt_upgraded_netherite_sword": [
      602,
      3.184
    ],
    "upgradednetherite:ender_upgraded_netherite_axe": [
      1008,
      -0.064
    ],
    "upgradednetherite:ender_upgraded_netherite_sword": [
      602,
      3.184
    ],
    "upgradednetherite:feather_upgraded_netherite_axe": [
      1008,
      -0.064
    ],
    "upgradednetherite:feather_upgraded_netherite_sword": [
      602,
      3.184
    ],
    "upgradednetherite:fire_upgraded_netherite_axe": [
      1008,
      -0.064
    ],
    "upgradednetherite:fire_upgraded_netherite_sword": [
      602,
      3.184
    ],
    "upgradednetherite:gold_upgraded_netherite_axe": [
      1008,
      -0.064
    ],
    "upgradednetherite:gold_upgraded_netherite_sword": [
      602,
      3.184
    ],
    "upgradednetherite:phantom_upgraded_netherite_axe": [
      1008,
      -0.064
    ],
    "upgradednetherite:phantom_upgraded_netherite_sword": [
      602,
      3.184
    ],
    "upgradednetherite:poison_upgraded_netherite_axe": [
      1008,
      -0.064
    ],
    "upgradednetherite:poison_upgraded_netherite_sword": [
      602,
      3.184
    ],
    "upgradednetherite:water_upgraded_netherite_axe": [
      1008,
      -0.064
    ],
    "upgradednetherite:water_upgraded_netherite_sword": [
      602,
      3.184
    ],
    "upgradednetherite:wither_upgraded_netherite_axe": [
      1008,
      -0.064
    ],
    "upgradednetherite:wither_upgraded_netherite_sword": [
      602,
      3.184
    ]
  },
  "OFFHAND": {
    "archers_paradox:blaze_arrow": [
      100,
      2.0
    ],
    "archers_paradox:diamond_arrow": [
      100,
      2.0
    ],
    "archers_paradox:ender_arrow": [
      100,
      2.0
    ],
    "archers_paradox:redstone_arrow": [
      800,
      0.0
    ],
    "archers_paradox:slime_arrow": [
      1400,
      -1.0
    ],
    "kubejs:shield": [
      1800,
      0.01
    ],
    "minecraft:ender_pearl": [
      1100,
      0.0
    ],
    "minecraft:flint_and_steel": [
      1200,
      0.0
    ],
    "minecraft:lava_bucket": [
      900,
      0.0
    ],
    "minecraft:snowball": [
      1500,
      -3.0
    ],
    "spartanweaponry:dagger_iron": [
      950,
      0.0
    ]
  },
  "FEET": {
    "alexsmobs:roadrunner_boots": [
      903,
      0.776
    ],
    "aquaculture:neptunium_boots": [
      19,
      7.848
    ],
    "ars_nouveau:apprentice_boots": [
      607,
      3.144
    ],
    "ars_nouveau:archmage_boots": [
      1,
      7.992
    ],
    "ars_nouveau:novice_boots": [
      807,
      1.544
    ],
    "atum:desert_boots_diamond": [
      444,
      4.448
    ],
    "atum:desert_boots_gold": [
      1201,
      -1.608
    ],
    "atum:desert_boots_iron": [
      954,
      0.368
    ],
    "atum:feet_of_atem": [
      1,
      8.592
    ],
    "atum:feet_of_ra": [
      1,
      8.592
    ],
    "atum:mummy_boots": [
      1358,
      -2.864
    ],
    "atum:wanderer_boots": [
      1249,
      -1.992
    ],
    "betterendforge:aeternium_boots": [
      1,
      12.624
    ],
    "betterendforge:crystalite_boots": [
      101,
      7.192
    ],
    "betterendforge:terminite_boots": [
      262,
      5.904
    ],
    "betterendforge:thallasium_boots": [
      923,
      0.616
    ],
    "blue_skies:aquite_boots": [
      750,
      2.0
    ],
    "blue_skies:charoite_boots": [
      48,
      7.616
    ],
    "blue_skies:diopside_boots": [
      175,
      6.6
    ],
    "blue_skies:horizonite_boots": [
      947,
      0.424
    ],
    "blue_skies:pyrope_boots": [
      947,
      0.424
    ],
    "blue_skies:shadow_boots": [
      1,
      8.28
    ],
    "buddycards:buddysteel_boots": [
      633,
      2.936
    ],
    "buddycards:perfect_buddysteel_boots": [
      370,
      5.04
    ],
    "buddycards:zylex_boots": [
      392,
      4.864
    ],
    "dungeons_gear:archers_boots": [
      954,
      0.368
    ],
    "dungeons_gear:arctic_fox_boots": [
      954,
      0.368
    ],
    "dungeons_gear:battle_robes_boots": [
      954,
      0.368
    ],
    "dungeons_gear:beehive_boots": [
      954,
      0.368
    ],
    "dungeons_gear:beenest_boots": [
      954,
      0.368
    ],
    "dungeons_gear:cave_crawler_boots": [
      954,
      0.368
    ],
    "dungeons_gear:champions_boots": [
      954,
      0.368
    ],
    "dungeons_gear:climbing_boots": [
      954,
      0.368
    ],
    "dungeons_gear:curious_boots": [
      954,
      0.368
    ],
    "dungeons_gear:dark_boots": [
      954,
      0.368
    ],
    "dungeons_gear:ember_robes_boots": [
      954,
      0.368
    ],
    "dungeons_gear:emerald_boots": [
      954,
      0.368
    ],
    "dungeons_gear:evocation_robes_boots": [
      954,
      0.368
    ],
    "dungeons_gear:fox_boots": [
      954,
      0.368
    ],
    "dungeons_gear:frost_bite_boots": [
      954,
      0.368
    ],
    "dungeons_gear:frost_boots": [
      954,
      0.368
    ],
    "dungeons_gear:full_metal_boots": [
      954,
      0.368
    ],
    "dungeons_gear:gilded_glory_boots": [
      954,
      0.368
    ],
    "dungeons_gear:goat_boots": [
      954,
      0.368
    ],
    "dungeons_gear:grim_boots": [
      954,
      0.368
    ],
    "dungeons_gear:guards_boots": [
      954,
      0.368
    ],
    "dungeons_gear:heros_boots": [
      954,
      0.368
    ],
    "dungeons_gear:highland_boots": [
      954,
      0.368
    ],
    "dungeons_gear:hungry_horror_boots": [
      954,
      0.368
    ],
    "dungeons_gear:hunters_boots": [
      954,
      0.368
    ],
    "dungeons_gear:mercenary_boots": [
      954,
      0.368
    ],
    "dungeons_gear:ocelot_boots": [
      954,
      0.368
    ],
    "dungeons_gear:opulent_boots": [
      954,
      0.368
    ],
    "dungeons_gear:phantom_boots": [
      954,
      0.368
    ],
    "dungeons_gear:plate_boots": [
      954,
      0.368
    ],
    "dungeons_gear:reinforced_mail_boots": [
      954,
      0.368
    ],
    "dungeons_gear:renegade_boots": [
      954,
      0.368
    ],
    "dungeons_gear:rugged_climbing_boots": [
      954,
      0.368
    ],
    "dungeons_gear:scale_mail_boots": [
      954,
      0.368
    ],
    "dungeons_gear:shadow_walker_boots": [
      954,
      0.368
    ],
    "dungeons_gear:snow_boots": [
      954,
      0.368
    ],
    "dungeons_gear:soul_boots": [
      954,
      0.368
    ],
    "dungeons_gear:souldancer_boots": [
      954,
      0.368
    ],
    "dungeons_gear:spelunker_boots": [
      954,
      0.368
    ],
    "dungeons_gear:spider_boots": [
      954,
      0.368
    ],
    "dungeons_gear:stalwart_boots": [
      954,
      0.368
    ],
    "dungeons_gear:thief_boots": [
      954,
      0.368
    ],
    "dungeons_gear:titans_shroud_boots": [
      954,
      0.368
    ],
    "dungeons_gear:wither_boots": [
      954,
      0.368
    ],
    "dungeons_gear:wolf_boots": [
      954,
      0.368
    ],
    "dungeons_mobs:alpine_boots": [
      954,
      0.368
    ],
    "dungeons_mobs:expedition_boots": [
      954,
      0.368
    ],
    "dungeons_mobs:iceologer_boots": [
      954,
      0.368
    ],
    "dungeons_mobs:illusioner_boots": [
      954,
      0.368
    ],
    "dungeons_mobs:mage_boots": [
      954,
      0.368
    ],
    "dungeons_mobs:mountaineer_boots": [
      954,
      0.368
    ],
    "dungeons_mobs:royal_guard_boots": [
      954,
      0.368
    ],
    "eidolon:warlock_boots": [
      861,
      1.112
    ],
    "enigmaticlegacy:etherium_boots": [
      1,
      22.048
    ],
    "fins:fwinged_boots": [
      1333,
      -2.664
    ],
    "good_nights_sleep:candy_boots": [
      1320,
      -2.56
    ],
    "good_nights_sleep:negatite_boots": [
      1,
      11.76
    ],
    "good_nights_sleep:positite_boots": [
      1,
      9.176
    ],
    "good_nights_sleep:rainbow_boots": [
      659,
      2.728
    ],
    "good_nights_sleep:zitrite_boots": [
      422,
      4.624
    ],
    "greekfantasy:achilles_boots": [
      544,
      3.648
    ],
    "greekfantasy:snakeskin_boots": [
      950,
      0.4
    ],
    "greekfantasy:winged_sandals": [
      1153,
      -1.224
    ],
    "iceandfire:armor_amythest_boots": [
      1,
      13.408
    ],
    "iceandfire:armor_black_boots": [
      1,
      13.408
    ],
    "iceandfire:armor_blue_boots": [
      1,
      13.408
    ],
    "iceandfire:armor_bronze_boots": [
      1,
      13.408
    ],
    "iceandfire:armor_copper_boots": [
      1,
      13.408
    ],
    "iceandfire:armor_electric_boots": [
      1,
      13.408
    ],
    "iceandfire:armor_gray_boots": [
      1,
      13.408
    ],
    "iceandfire:armor_green_boots": [
      1,
      13.408
    ],
    "iceandfire:armor_red_boots": [
      1,
      13.408
    ],
    "iceandfire:armor_sapphire_boots": [
      1,
      13.408
    ],
    "iceandfire:armor_silver_boots": [
      1,
      13.408
    ],
    "iceandfire:armor_silver_metal_boots": [
      940,
      0.48
    ],
    "iceandfire:armor_white_boots": [
      1,
      13.408
    ],
    "iceandfire:deathworm_red_boots": [
      569,
      3.448
    ],
    "iceandfire:deathworm_white_boots": [
      569,
      3.448
    ],
    "iceandfire:deathworm_yellow_boots": [
      569,
      3.448
    ],
    "iceandfire:dragonsteel_fire_boots": [
      1,
      38.224
    ],
    "iceandfire:dragonsteel_ice_boots": [
      1,
      38.224
    ],
    "iceandfire:dragonsteel_lightning_boots": [
      1,
      38.224
    ],
    "iceandfire:forest_troll_leather_boots": [
      517,
      3.864
    ],
    "iceandfire:frost_troll_leather_boots": [
      517,
      3.864
    ],
    "iceandfire:mountain_troll_leather_boots": [
      517,
      3.864
    ],
    "iceandfire:myrmex_desert_boots": [
      250,
      6.0
    ],
    "iceandfire:myrmex_jungle_boots": [
      250,
      6.0
    ],
    "iceandfire:sheep_boots": [
      1302,
      -2.416
    ],
    "iceandfire:tide_blue_boots": [
      1,
      10.2
    ],
    "iceandfire:tide_bronze_boots": [
      1,
      10.2
    ],
    "iceandfire:tide_deepblue_boots": [
      1,
      10.2
    ],
    "iceandfire:tide_green_boots": [
      1,
      10.2
    ],
    "iceandfire:tide_purple_boots": [
      1,
      10.2
    ],
    "iceandfire:tide_red_boots": [
      1,
      10.2
    ],
    "iceandfire:tide_teal_boots": [
      1,
      10.2
    ],
    "majruszs_difficulty:end_boots": [
      1,
      10.688
    ],
    "majruszs_difficulty:hermes_boots": [
      805,
      1.56
    ],
    "minecraft:chainmail_boots": [
      1098,
      -0.784
    ],
    "minecraft:diamond_boots": [
      444,
      4.448
    ],
    "minecraft:golden_boots": [
      1201,
      -1.608
    ],
    "minecraft:iron_boots": [
      954,
      0.368
    ],
    "minecraft:leather_boots": [
      1356,
      -2.848
    ],
    "minecraft:netherite_boots": [
      361,
      5.112
    ],
    "mysticalworld:beetle_boots": [
      619,
      3.048
    ],
    "mysticalworld:copper_boots": [
      752,
      1.984
    ],
    "mysticalworld:lead_boots": [
      656,
      2.752
    ],
    "mysticalworld:sapphire_boots": [
      44,
      7.648
    ],
    "mysticalworld:tin_boots": [
      1014,
      -0.112
    ],
    "pickletweaks:emerald_boots": [
      1,
      9.592
    ],
    "pickletweaks:flint_boots": [
      947,
      0.424
    ],
    "scuba_gear:scuba_boots": [
      954,
      0.368
    ],
    "stalwart_dungeons:chorundum_armor_boots": [
      1,
      12.328
    ],
    "stalwart_dungeons:tungsten_boots": [
      1,
      9.088
    ],
    "stalwart_dungeons:warted_tungsten_boots": [
      1,
      9.088
    ],
    "tropicraft:fire_boots": [
      1062,
      -0.496
    ],
    "tropicraft:pink_scuba_flippers": [
      1491,
      -3.928
    ],
    "tropicraft:scale_boots": [
      915,
      0.68
    ],
    "tropicraft:yellow_scuba_flippers": [
      1491,
      -3.928
    ],
    "twilightforest:arctic_boots": [
      688,
      2.496
    ],
    "twilightforest:fiery_boots": [
      1,
      10.144
    ],
    "twilightforest:ironwood_boots": [
      606,
      3.152
    ],
    "twilightforest:knightmetal_boots": [
      245,
      6.04
    ],
    "twilightforest:steeleaf_boots": [
      378,
      4.976
    ],
    "twilightforest:yeti_boots": [
      143,
      6.856
    ],
    "undergarden:cloggrum_boots": [
      553,
      3.576
    ],
    "undergarden:froststeel_boots": [
      493,
      4.056
    ],
    "undergarden:utheric_boots": [
      1,
      8.4
    ],
    "upgradednetherite:corrupt_upgraded_netherite_boots": [
      1,
      8.52
    ],
    "upgradednetherite:ender_upgraded_netherite_boots": [
      1,
      8.52
    ],
    "upgradednetherite:feather_upgraded_netherite_boots": [
      1,
      8.52
    ],
    "upgradednetherite:fire_upgraded_netherite_boots": [
      1,
      8.52
    ],
    "upgradednetherite:gold_upgraded_netherite_boots": [
      1,
      8.52
    ],
    "upgradednetherite:phantom_upgraded_netherite_boots": [
      1,
      8.52
    ],
    "upgradednetherite:poison_upgraded_netherite_boots": [
      1,
      8.52
    ],
    "upgradednetherite:water_upgraded_netherite_boots": [
      1,
      8.52
    ],
    "upgradednetherite:wither_upgraded_netherite_boots": [
      1,
      8.52
    ]
  },
  "LEGS": {
    "alexsmobs:centipede_leggings": [
      1,
      9.56
    ],
    "alexsmobs:emu_leggings": [
      733,
      2.136
    ],
    "aquaculture:neptunium_leggings": [
      19,
      7.848
    ],
    "ars_nouveau:apprentice_leggings": [
      607,
      3.144
    ],
    "ars_nouveau:archmage_leggings": [
      1,
      7.992
    ],
    "ars_nouveau:novice_leggings": [
      807,
      1.544
    ],
    "atum:desert_legs_diamond": [
      444,
      4.448
    ],
    "atum:desert_legs_gold": [
      1201,
      -1.608
    ],
    "atum:desert_legs_iron": [
      954,
      0.368
    ],
    "atum:legs_of_atem": [
      1,
      8.592
    ],
    "atum:legs_of_ra": [
      1,
      8.592
    ],
    "atum:mummy_legs": [
      1358,
      -2.864
    ],
    "atum:wanderer_legs": [
      1249,
      -1.992
    ],
    "betterendforge:aeternium_leggings": [
      1,
      12.624
    ],
    "betterendforge:crystalite_leggings": [
      101,
      7.192
    ],
    "betterendforge:terminite_leggings": [
      262,
      5.904
    ],
    "betterendforge:thallasium_leggings": [
      923,
      0.616
    ],
    "blue_skies:aquite_leggings": [
      750,
      2.0
    ],
    "blue_skies:charoite_leggings": [
      48,
      7.616
    ],
    "blue_skies:diopside_leggings": [
      175,
      6.6
    ],
    "blue_skies:horizonite_leggings": [
      947,
      0.424
    ],
    "blue_skies:pyrope_leggings": [
      947,
      0.424
    ],
    "blue_skies:shadow_leggings": [
      1,
      8.28
    ],
    "buddycards:buddysteel_leggings": [
      633,
      2.936
    ],
    "buddycards:perfect_buddysteel_leggings": [
      370,
      5.04
    ],
    "dungeons_gear:archers_leggings": [
      954,
      0.368
    ],
    "dungeons_gear:arctic_fox_leggings": [
      954,
      0.368
    ],
    "dungeons_gear:battle_robes_leggings": [
      954,
      0.368
    ],
    "dungeons_gear:beehive_leggings": [
      954,
      0.368
    ],
    "dungeons_gear:beenest_leggings": [
      954,
      0.368
    ],
    "dungeons_gear:cave_crawler_leggings": [
      954,
      0.368
    ],
    "dungeons_gear:champions_leggings": [
      954,
      0.368
    ],
    "dungeons_gear:climbing_leggings": [
      954,
      0.368
    ],
    "dungeons_gear:curious_leggings": [
      954,
      0.368
    ],
    "dungeons_gear:dark_leggings": [
      954,
      0.368
    ],
    "dungeons_gear:ember_robes_leggings": [
      954,
      0.368
    ],
    "dungeons_gear:emerald_leggings": [
      954,
      0.368
    ],
    "dungeons_gear:evocation_robes_leggings": [
      954,
      0.368
    ],
    "dungeons_gear:fox_leggings": [
      954,
      0.368
    ],
    "dungeons_gear:frost_bite_leggings": [
      954,
      0.368
    ],
    "dungeons_gear:frost_leggings": [
      954,
      0.368
    ],
    "dungeons_gear:full_metal_leggings": [
      954,
      0.368
    ],
    "dungeons_gear:gilded_glory_leggings": [
      954,
      0.368
    ],
    "dungeons_gear:goat_leggings": [
      954,
      0.368
    ],
    "dungeons_gear:grim_leggings": [
      954,
      0.368
    ],
    "dungeons_gear:guards_leggings": [
      954,
      0.368
    ],
    "dungeons_gear:heros_leggings": [
      954,
      0.368
    ],
    "dungeons_gear:highland_leggings": [
      954,
      0.368
    ],
    "dungeons_gear:hungry_horror_leggings": [
      954,
      0.368
    ],
    "dungeons_gear:hunters_leggings": [
      954,
      0.368
    ],
    "dungeons_gear:mercenary_leggings": [
      954,
      0.368
    ],
    "dungeons_gear:ocelot_leggings": [
      954,
      0.368
    ],
    "dungeons_gear:opulent_leggings": [
      954,
      0.368
    ],
    "dungeons_gear:phantom_leggings": [
      954,
      0.368
    ],
    "dungeons_gear:plate_leggings": [
      954,
      0.368
    ],
    "dungeons_gear:reinforced_mail_leggings": [
      954,
      0.368
    ],
    "dungeons_gear:renegade_leggings": [
      954,
      0.368
    ],
    "dungeons_gear:rugged_climbing_leggings": [
      954,
      0.368
    ],
    "dungeons_gear:scale_mail_leggings": [
      954,
      0.368
    ],
    "dungeons_gear:shadow_walker_leggings": [
      954,
      0.368
    ],
    "dungeons_gear:snow_leggings": [
      954,
      0.368
    ],
    "dungeons_gear:soul_leggings": [
      954,
      0.368
    ],
    "dungeons_gear:souldancer_leggings": [
      954,
      0.368
    ],
    "dungeons_gear:spelunker_leggings": [
      954,
      0.368
    ],
    "dungeons_gear:spider_leggings": [
      954,
      0.368
    ],
    "dungeons_gear:stalwart_leggings": [
      954,
      0.368
    ],
    "dungeons_gear:thief_leggings": [
      954,
      0.368
    ],
    "dungeons_gear:titans_shroud_leggings": [
      954,
      0.368
    ],
    "dungeons_gear:wither_leggings": [
      954,
      0.368
    ],
    "dungeons_gear:wolf_leggings": [
      954,
      0.368
    ],
    "dungeons_mobs:alpine_leggings": [
      954,
      0.368
    ],
    "dungeons_mobs:drowned_necromancer_leggings": [
      954,
      0.368
    ],
    "dungeons_mobs:expedition_leggings": [
      954,
      0.368
    ],
    "dungeons_mobs:iceologer_leggings": [
      954,
      0.368
    ],
    "dungeons_mobs:illusioner_leggings": [
      954,
      0.368
    ],
    "dungeons_mobs:mage_leggings": [
      954,
      0.368
    ],
    "dungeons_mobs:mountaineer_leggings": [
      954,
      0.368
    ],
    "dungeons_mobs:necromancer_leggings": [
      954,
      0.368
    ],
    "dungeons_mobs:royal_guard_leggings": [
      954,
      0.368
    ],
    "dungeons_mobs:vanguard_leggings": [
      954,
      0.368
    ],
    "enigmaticlegacy:etherium_leggings": [
      1,
      22.048
    ],
    "good_nights_sleep:candy_leggings": [
      1320,
      -2.56
    ],
    "good_nights_sleep:negatite_leggings": [
      1,
      11.76
    ],
    "good_nights_sleep:positite_leggings": [
      1,
      9.176
    ],
    "good_nights_sleep:rainbow_leggings": [
      659,
      2.728
    ],
    "good_nights_sleep:zitrite_leggings": [
      422,
      4.624
    ],
    "greekfantasy:achilles_leggings": [
      544,
      3.648
    ],
    "greekfantasy:snakeskin_leggings": [
      950,
      0.4
    ],
    "iceandfire:armor_amythest_leggings": [
      1,
      13.408
    ],
    "iceandfire:armor_black_leggings": [
      1,
      13.408
    ],
    "iceandfire:armor_blue_leggings": [
      1,
      13.408
    ],
    "iceandfire:armor_bronze_leggings": [
      1,
      13.408
    ],
    "iceandfire:armor_copper_leggings": [
      1,
      13.408
    ],
    "iceandfire:armor_electric_leggings": [
      1,
      13.408
    ],
    "iceandfire:armor_gray_leggings": [
      1,
      13.408
    ],
    "iceandfire:armor_green_leggings": [
      1,
      13.408
    ],
    "iceandfire:armor_red_leggings": [
      1,
      13.408
    ],
    "iceandfire:armor_sapphire_leggings": [
      1,
      13.408
    ],
    "iceandfire:armor_silver_leggings": [
      1,
      13.408
    ],
    "iceandfire:armor_silver_metal_leggings": [
      940,
      0.48
    ],
    "iceandfire:armor_white_leggings": [
      1,
      13.408
    ],
    "iceandfire:deathworm_red_leggings": [
      569,
      3.448
    ],
    "iceandfire:deathworm_white_leggings": [
      569,
      3.448
    ],
    "iceandfire:deathworm_yellow_leggings": [
      569,
      3.448
    ],
    "iceandfire:dragonsteel_fire_leggings": [
      1,
      38.224
    ],
    "iceandfire:dragonsteel_ice_leggings": [
      1,
      38.224
    ],
    "iceandfire:dragonsteel_lightning_leggings": [
      1,
      38.224
    ],
    "iceandfire:forest_troll_leather_leggings": [
      517,
      3.864
    ],
    "iceandfire:frost_troll_leather_leggings": [
      517,
      3.864
    ],
    "iceandfire:mountain_troll_leather_leggings": [
      517,
      3.864
    ],
    "iceandfire:myrmex_desert_leggings": [
      250,
      6.0
    ],
    "iceandfire:myrmex_jungle_leggings": [
      250,
      6.0
    ],
    "iceandfire:sheep_leggings": [
      1302,
      -2.416
    ],
    "iceandfire:tide_blue_leggings": [
      1,
      10.2
    ],
    "iceandfire:tide_bronze_leggings": [
      1,
      10.2
    ],
    "iceandfire:tide_deepblue_leggings": [
      1,
      10.2
    ],
    "iceandfire:tide_green_leggings": [
      1,
      10.2
    ],
    "iceandfire:tide_purple_leggings": [
      1,
      10.2
    ],
    "iceandfire:tide_red_leggings": [
      1,
      10.2
    ],
    "iceandfire:tide_teal_leggings": [
      1,
      10.2
    ],
    "majruszs_difficulty:end_leggings": [
      1,
      10.688
    ],
    "minecraft:chainmail_leggings": [
      1098,
      -0.784
    ],
    "minecraft:diamond_leggings": [
      444,
      4.448
    ],
    "minecraft:golden_leggings": [
      1201,
      -1.608
    ],
    "minecraft:iron_leggings": [
      954,
      0.368
    ],
    "minecraft:leather_leggings": [
      1356,
      -2.848
    ],
    "minecraft:netherite_leggings": [
      361,
      5.112
    ],
    "mysticalworld:beetle_leggings": [
      619,
      3.048
    ],
    "mysticalworld:copper_leggings": [
      752,
      1.984
    ],
    "mysticalworld:lead_leggings": [
      656,
      2.752
    ],
    "mysticalworld:sapphire_leggings": [
      44,
      7.648
    ],
    "mysticalworld:tin_leggings": [
      1014,
      -0.112
    ],
    "pickletweaks:emerald_leggings": [
      1,
      9.592
    ],
    "pickletweaks:flint_leggings": [
      947,
      0.424
    ],
    "scuba_gear:scuba_leggings": [
      954,
      0.368
    ],
    "stalwart_dungeons:chorundum_armor_leggings": [
      1,
      12.328
    ],
    "stalwart_dungeons:tungsten_leggings": [
      1,
      9.088
    ],
    "stalwart_dungeons:warted_tungsten_leggings": [
      1,
      9.088
    ],
    "tropicraft:fire_leggings": [
      1062,
      -0.496
    ],
    "tropicraft:scale_leggings": [
      915,
      0.68
    ],
    "twilightforest:arctic_leggings": [
      688,
      2.496
    ],
    "twilightforest:fiery_leggings": [
      1,
      10.144
    ],
    "twilightforest:ironwood_leggings": [
      606,
      3.152
    ],
    "twilightforest:knightmetal_leggings": [
      245,
      6.04
    ],
    "twilightforest:naga_leggings": [
      423,
      4.616
    ],
    "twilightforest:steeleaf_leggings": [
      378,
      4.976
    ],
    "twilightforest:yeti_leggings": [
      143,
      6.856
    ],
    "undergarden:cloggrum_leggings": [
      553,
      3.576
    ],
    "undergarden:froststeel_leggings": [
      493,
      4.056
    ],
    "undergarden:utheric_leggings": [
      1,
      8.4
    ],
    "upgradednetherite:corrupt_upgraded_netherite_leggings": [
      1,
      8.52
    ],
    "upgradednetherite:ender_upgraded_netherite_leggings": [
      1,
      8.52
    ],
    "upgradednetherite:feather_upgraded_netherite_leggings": [
      1,
      8.52
    ],
    "upgradednetherite:fire_upgraded_netherite_leggings": [
      1,
      8.52
    ],
    "upgradednetherite:gold_upgraded_netherite_leggings": [
      1,
      8.52
    ],
    "upgradednetherite:phantom_upgraded_netherite_leggings": [
      1,
      8.52
    ],
    "upgradednetherite:poison_upgraded_netherite_leggings": [
      1,
      8.52
    ],
    "upgradednetherite:water_upgraded_netherite_leggings": [
      1,
      8.52
    ],
    "upgradednetherite:wither_upgraded_netherite_leggings": [
      1,
      8.52
    ]
  },
  "CHEST": {
    "alexsmobs:crocodile_chestplate": [
      478,
      4.176
    ],
    "alexsmobs:tarantula_hawk_elytra": [
      1028,
      -0.224
    ],
    "aquaculture:neptunium_chestplate": [
      19,
      7.848
    ],
    "ars_nouveau:apprentice_robes": [
      607,
      3.144
    ],
    "ars_nouveau:archmage_robes": [
      1,
      7.992
    ],
    "ars_nouveau:novice_robes": [
      807,
      1.544
    ],
    "atum:body_of_atem": [
      1,
      8.592
    ],
    "atum:body_of_ra": [
      1,
      8.592
    ],
    "atum:desert_chest_diamond": [
      444,
      4.448
    ],
    "atum:desert_chest_gold": [
      1201,
      -1.608
    ],
    "atum:desert_chest_iron": [
      954,
      0.368
    ],
    "atum:mummy_chest": [
      1358,
      -2.864
    ],
    "atum:wanderer_chest": [
      1249,
      -1.992
    ],
    "betterendforge:aeternium_chestplate": [
      1,
      12.624
    ],
    "betterendforge:crystalite_chestplate": [
      101,
      7.192
    ],
    "betterendforge:terminite_chestplate": [
      262,
      5.904
    ],
    "betterendforge:thallasium_chestplate": [
      923,
      0.616
    ],
    "blue_skies:aquite_chestplate": [
      750,
      2.0
    ],
    "blue_skies:charoite_chestplate": [
      48,
      7.616
    ],
    "blue_skies:diopside_chestplate": [
      175,
      6.6
    ],
    "blue_skies:horizonite_chestplate": [
      947,
      0.424
    ],
    "blue_skies:pyrope_chestplate": [
      947,
      0.424
    ],
    "blue_skies:shadow_chestplate": [
      1,
      8.28
    ],
    "buddycards:buddysteel_chestplate": [
      633,
      2.936
    ],
    "buddycards:perfect_buddysteel_chestplate": [
      370,
      5.04
    ],
    "dungeons_gear:archers_chestplate": [
      954,
      0.368
    ],
    "dungeons_gear:arctic_fox_chestplate": [
      954,
      0.368
    ],
    "dungeons_gear:battle_robes_chestplate": [
      954,
      0.368
    ],
    "dungeons_gear:beehive_chestplate": [
      954,
      0.368
    ],
    "dungeons_gear:beenest_chestplate": [
      954,
      0.368
    ],
    "dungeons_gear:cave_crawler_chestplate": [
      954,
      0.368
    ],
    "dungeons_gear:champions_chestplate": [
      954,
      0.368
    ],
    "dungeons_gear:climbing_chestplate": [
      954,
      0.368
    ],
    "dungeons_gear:curious_chestplate": [
      954,
      0.368
    ],
    "dungeons_gear:dark_chestplate": [
      954,
      0.368
    ],
    "dungeons_gear:ember_robes_chestplate": [
      954,
      0.368
    ],
    "dungeons_gear:emerald_chestplate": [
      954,
      0.368
    ],
    "dungeons_gear:evocation_robes_chestplate": [
      954,
      0.368
    ],
    "dungeons_gear:fox_chestplate": [
      954,
      0.368
    ],
    "dungeons_gear:frost_bite_chestplate": [
      954,
      0.368
    ],
    "dungeons_gear:frost_chestplate": [
      954,
      0.368
    ],
    "dungeons_gear:full_metal_chestplate": [
      954,
      0.368
    ],
    "dungeons_gear:gilded_glory_chestplate": [
      954,
      0.368
    ],
    "dungeons_gear:goat_chestplate": [
      954,
      0.368
    ],
    "dungeons_gear:grim_chestplate": [
      954,
      0.368
    ],
    "dungeons_gear:guards_chestplate": [
      954,
      0.368
    ],
    "dungeons_gear:heros_chestplate": [
      954,
      0.368
    ],
    "dungeons_gear:highland_chestplate": [
      954,
      0.368
    ],
    "dungeons_gear:hungry_horror_chestplate": [
      954,
      0.368
    ],
    "dungeons_gear:hunters_chestplate": [
      954,
      0.368
    ],
    "dungeons_gear:mercenary_chestplate": [
      954,
      0.368
    ],
    "dungeons_gear:ocelot_chestplate": [
      954,
      0.368
    ],
    "dungeons_gear:opulent_chestplate": [
      954,
      0.368
    ],
    "dungeons_gear:phantom_chestplate": [
      954,
      0.368
    ],
    "dungeons_gear:plate_chestplate": [
      954,
      0.368
    ],
    "dungeons_gear:reinforced_mail_chestplate": [
      954,
      0.368
    ],
    "dungeons_gear:renegade_chestplate": [
      954,
      0.368
    ],
    "dungeons_gear:rugged_climbing_chestplate": [
      954,
      0.368
    ],
    "dungeons_gear:scale_mail_chestplate": [
      954,
      0.368
    ],
    "dungeons_gear:shadow_walker_chestplate": [
      954,
      0.368
    ],
    "dungeons_gear:snow_chestplate": [
      954,
      0.368
    ],
    "dungeons_gear:soul_chestplate": [
      954,
      0.368
    ],
    "dungeons_gear:souldancer_chestplate": [
      954,
      0.368
    ],
    "dungeons_gear:spelunker_chestplate": [
      954,
      0.368
    ],
    "dungeons_gear:spider_chestplate": [
      954,
      0.368
    ],
    "dungeons_gear:stalwart_chestplate": [
      954,
      0.368
    ],
    "dungeons_gear:thief_chestplate": [
      954,
      0.368
    ],
    "dungeons_gear:titans_shroud_chestplate": [
      954,
      0.368
    ],
    "dungeons_gear:wither_chestplate": [
      954,
      0.368
    ],
    "dungeons_gear:wolf_chestplate": [
      954,
      0.368
    ],
    "dungeons_mobs:alpine_chestplate": [
      954,
      0.368
    ],
    "dungeons_mobs:chef_chestplate": [
      954,
      0.368
    ],
    "dungeons_mobs:drowned_necromancer_chestplate": [
      954,
      0.368
    ],
    "dungeons_mobs:expedition_chestplate": [
      954,
      0.368
    ],
    "dungeons_mobs:fungus_thrower_chestplate": [
      954,
      0.368
    ],
    "dungeons_mobs:geomancer_chestplate": [
      954,
      0.368
    ],
    "dungeons_mobs:iceologer_chestplate": [
      954,
      0.368
    ],
    "dungeons_mobs:illusioner_chestplate": [
      954,
      0.368
    ],
    "dungeons_mobs:mage_chestplate": [
      954,
      0.368
    ],
    "dungeons_mobs:mountaineer_chestplate": [
      954,
      0.368
    ],
    "dungeons_mobs:necromancer_chestplate": [
      954,
      0.368
    ],
    "dungeons_mobs:royal_guard_chestplate": [
      954,
      0.368
    ],
    "dungeons_mobs:vanguard_chestplate": [
      954,
      0.368
    ],
    "dungeons_mobs:windcaller_chestplate": [
      954,
      0.368
    ],
    "eidolon:warlock_cloak": [
      861,
      1.112
    ],
    "endergetic:booflo_vest": [
      743,
      2.056
    ],
    "enigmaticlegacy:etherium_chestplate": [
      1,
      22.048
    ],
    "fins:gem_crab_amulet": [
      1361,
      -2.888
    ],
    "fins:gopjet_jetpack": [
      1499,
      -3.992
    ],
    "fins:spindly_amber_charm": [
      1356,
      -2.848
    ],
    "fins:spindly_emerald_charm": [
      1356,
      -2.848
    ],
    "fins:spindly_pearl_charm": [
      1356,
      -2.848
    ],
    "fins:spindly_ruby_charm": [
      1356,
      -2.848
    ],
    "fins:spindly_sapphire_charm": [
      1356,
      -2.848
    ],
    "good_nights_sleep:candy_chestplate": [
      1320,
      -2.56
    ],
    "good_nights_sleep:negatite_chestplate": [
      1,
      11.76
    ],
    "good_nights_sleep:positite_chestplate": [
      1,
      9.176
    ],
    "good_nights_sleep:rainbow_chestplate": [
      659,
      2.728
    ],
    "good_nights_sleep:zitrite_chestplate": [
      422,
      4.624
    ],
    "greekfantasy:achilles_chestplate": [
      544,
      3.648
    ],
    "greekfantasy:snakeskin_chestplate": [
      950,
      0.4
    ],
    "iceandfire:armor_amythest_chestplate": [
      1,
      13.408
    ],
    "iceandfire:armor_black_chestplate": [
      1,
      13.408
    ],
    "iceandfire:armor_blue_chestplate": [
      1,
      13.408
    ],
    "iceandfire:armor_bronze_chestplate": [
      1,
      13.408
    ],
    "iceandfire:armor_copper_chestplate": [
      1,
      13.408
    ],
    "iceandfire:armor_electric_chestplate": [
      1,
      13.408
    ],
    "iceandfire:armor_gray_chestplate": [
      1,
      13.408
    ],
    "iceandfire:armor_green_chestplate": [
      1,
      13.408
    ],
    "iceandfire:armor_red_chestplate": [
      1,
      13.408
    ],
    "iceandfire:armor_sapphire_chestplate": [
      1,
      13.408
    ],
    "iceandfire:armor_silver_chestplate": [
      1,
      13.408
    ],
    "iceandfire:armor_silver_metal_chestplate": [
      940,
      0.48
    ],
    "iceandfire:armor_white_chestplate": [
      1,
      13.408
    ],
    "iceandfire:deathworm_red_chestplate": [
      569,
      3.448
    ],
    "iceandfire:deathworm_white_chestplate": [
      569,
      3.448
    ],
    "iceandfire:deathworm_yellow_chestplate": [
      569,
      3.448
    ],
    "iceandfire:dragonsteel_fire_chestplate": [
      1,
      38.224
    ],
    "iceandfire:dragonsteel_ice_chestplate": [
      1,
      38.224
    ],
    "iceandfire:dragonsteel_lightning_chestplate": [
      1,
      38.224
    ],
    "iceandfire:forest_troll_leather_chestplate": [
      517,
      3.864
    ],
    "iceandfire:frost_troll_leather_chestplate": [
      517,
      3.864
    ],
    "iceandfire:mountain_troll_leather_chestplate": [
      517,
      3.864
    ],
    "iceandfire:myrmex_desert_chestplate": [
      250,
      6.0
    ],
    "iceandfire:myrmex_jungle_chestplate": [
      250,
      6.0
    ],
    "iceandfire:sheep_chestplate": [
      1302,
      -2.416
    ],
    "iceandfire:tide_blue_chestplate": [
      1,
      10.2
    ],
    "iceandfire:tide_bronze_chestplate": [
      1,
      10.2
    ],
    "iceandfire:tide_deepblue_chestplate": [
      1,
      10.2
    ],
    "iceandfire:tide_green_chestplate": [
      1,
      10.2
    ],
    "iceandfire:tide_purple_chestplate": [
      1,
      10.2
    ],
    "iceandfire:tide_red_chestplate": [
      1,
      10.2
    ],
    "iceandfire:tide_teal_chestplate": [
      1,
      10.2
    ],
    "majruszs_difficulty:end_chestplate": [
      1,
      10.688
    ],
    "minecraft:chainmail_chestplate": [
      1098,
      -0.784
    ],
    "minecraft:diamond_chestplate": [
      444,
      4.448
    ],
    "minecraft:golden_chestplate": [
      1201,
      -1.608
    ],
    "minecraft:iron_chestplate": [
      954,
      0.368
    ],
    "minecraft:leather_chestplate": [
      1356,
      -2.848
    ],
    "minecraft:netherite_chestplate": [
      361,
      5.112
    ],
    "mysticalworld:beetle_chestplate": [
      619,
      3.048
    ],
    "mysticalworld:copper_chestplate": [
      752,
      1.984
    ],
    "mysticalworld:lead_chestplate": [
      656,
      2.752
    ],
    "mysticalworld:sapphire_chestplate": [
      44,
      7.648
    ],
    "mysticalworld:tin_chestplate": [
      1014,
      -0.112
    ],
    "pickletweaks:emerald_chestplate": [
      1,
      9.592
    ],
    "pickletweaks:flint_chestplate": [
      947,
      0.424
    ],
    "quark:backpack": [
      1316,
      -2.528
    ],
    "scuba_gear:scuba_chestplate": [
      954,
      0.368
    ],
    "stalwart_dungeons:chorundum_armor_chestplate": [
      1,
      12.328
    ],
    "stalwart_dungeons:tungsten_chestplate": [
      1,
      9.088
    ],
    "stalwart_dungeons:warted_tungsten_chestplate": [
      1,
      9.088
    ],
    "tropicraft:fire_chestplate": [
      1062,
      -0.496
    ],
    "tropicraft:pink_scuba_harness": [
      1491,
      -3.928
    ],
    "tropicraft:scale_chestplate": [
      915,
      0.68
    ],
    "tropicraft:yellow_scuba_harness": [
      1491,
      -3.928
    ],
    "twilightforest:arctic_chestplate": [
      688,
      2.496
    ],
    "twilightforest:fiery_chestplate": [
      1,
      10.144
    ],
    "twilightforest:ironwood_chestplate": [
      606,
      3.152
    ],
    "twilightforest:knightmetal_chestplate": [
      245,
      6.04
    ],
    "twilightforest:naga_chestplate": [
      423,
      4.616
    ],
    "twilightforest:phantom_chestplate": [
      60,
      7.52
    ],
    "twilightforest:steeleaf_chestplate": [
      378,
      4.976
    ],
    "twilightforest:yeti_chestplate": [
      143,
      6.856
    ],
    "undergarden:cloggrum_chestplate": [
      553,
      3.576
    ],
    "undergarden:froststeel_chestplate": [
      493,
      4.056
    ],
    "undergarden:masticated_chestplate": [
      1,
      9.104
    ],
    "undergarden:utheric_chestplate": [
      1,
      8.4
    ],
    "upgradednetherite:corrupt_upgraded_netherite_chestplate": [
      1,
      8.52
    ],
    "upgradednetherite:ender_upgraded_netherite_chestplate": [
      1,
      8.52
    ],
    "upgradednetherite:feather_upgraded_netherite_chestplate": [
      1,
      8.52
    ],
    "upgradednetherite:fire_upgraded_netherite_chestplate": [
      1,
      8.52
    ],
    "upgradednetherite:gold_upgraded_netherite_chestplate": [
      1,
      8.52
    ],
    "upgradednetherite:phantom_upgraded_netherite_chestplate": [
      1,
      8.52
    ],
    "upgradednetherite:poison_upgraded_netherite_chestplate": [
      1,
      8.52
    ],
    "upgradednetherite:water_upgraded_netherite_chestplate": [
      1,
      8.52
    ],
    "upgradednetherite:wither_upgraded_netherite_chestplate": [
      1,
      8.52
    ]
  },
  "HEAD": {
    "alexsmobs:fedora": [
      1186,
      -1.488
    ],
    "alexsmobs:frontier_cap": [
      840,
      1.28
    ],
    "alexsmobs:moose_headgear": [
      253,
      5.976
    ],
    "alexsmobs:sombrero": [
      1137,
      -1.096
    ],
    "alexsmobs:spiked_turtle_shell": [
      673,
      2.616
    ],
    "aquaculture:neptunium_helmet": [
      19,
      7.848
    ],
    "ars_nouveau:apprentice_hood": [
      607,
      3.144
    ],
    "ars_nouveau:archmage_hood": [
      1,
      7.992
    ],
    "ars_nouveau:novice_hood": [
      807,
      1.544
    ],
    "atum:desert_helmet_diamond": [
      444,
      4.448
    ],
    "atum:desert_helmet_gold": [
      1201,
      -1.608
    ],
    "atum:desert_helmet_iron": [
      954,
      0.368
    ],
    "atum:eyes_of_atem": [
      1,
      8.592
    ],
    "atum:halo_of_ra": [
      1,
      8.592
    ],
    "atum:mummy_helmet": [
      1358,
      -2.864
    ],
    "atum:wanderer_helmet": [
      1249,
      -1.992
    ],
    "betterendforge:aeternium_helmet": [
      1,
      12.624
    ],
    "betterendforge:crystalite_helmet": [
      101,
      7.192
    ],
    "betterendforge:terminite_helmet": [
      262,
      5.904
    ],
    "betterendforge:thallasium_helmet": [
      923,
      0.616
    ],
    "blue_skies:aquite_helmet": [
      750,
      2.0
    ],
    "blue_skies:charoite_helmet": [
      48,
      7.616
    ],
    "blue_skies:diopside_helmet": [
      175,
      6.6
    ],
    "blue_skies:horizonite_helmet": [
      947,
      0.424
    ],
    "blue_skies:pyrope_helmet": [
      947,
      0.424
    ],
    "blue_skies:shadow_helmet": [
      1,
      8.28
    ],
    "buddycards:buddysteel_helmet": [
      633,
      2.936
    ],
    "buddycards:perfect_buddysteel_helmet": [
      370,
      5.04
    ],
    "dungeons_gear:archers_helmet": [
      954,
      0.368
    ],
    "dungeons_gear:arctic_fox_helmet": [
      954,
      0.368
    ],
    "dungeons_gear:battle_robes_helmet": [
      954,
      0.368
    ],
    "dungeons_gear:beehive_helmet": [
      954,
      0.368
    ],
    "dungeons_gear:beenest_helmet": [
      954,
      0.368
    ],
    "dungeons_gear:cave_crawler_helmet": [
      954,
      0.368
    ],
    "dungeons_gear:champions_helmet": [
      954,
      0.368
    ],
    "dungeons_gear:climbing_helmet": [
      954,
      0.368
    ],
    "dungeons_gear:curious_helmet": [
      954,
      0.368
    ],
    "dungeons_gear:dark_helmet": [
      954,
      0.368
    ],
    "dungeons_gear:ember_robes_helmet": [
      954,
      0.368
    ],
    "dungeons_gear:emerald_helmet": [
      954,
      0.368
    ],
    "dungeons_gear:evocation_robes_helmet": [
      954,
      0.368
    ],
    "dungeons_gear:fox_helmet": [
      954,
      0.368
    ],
    "dungeons_gear:frost_bite_helmet": [
      954,
      0.368
    ],
    "dungeons_gear:frost_helmet": [
      954,
      0.368
    ],
    "dungeons_gear:full_metal_helmet": [
      954,
      0.368
    ],
    "dungeons_gear:gilded_glory_helmet": [
      954,
      0.368
    ],
    "dungeons_gear:goat_helmet": [
      954,
      0.368
    ],
    "dungeons_gear:grim_helmet": [
      954,
      0.368
    ],
    "dungeons_gear:guards_helmet": [
      954,
      0.368
    ],
    "dungeons_gear:heros_helmet": [
      954,
      0.368
    ],
    "dungeons_gear:highland_helmet": [
      954,
      0.368
    ],
    "dungeons_gear:hungry_horror_helmet": [
      954,
      0.368
    ],
    "dungeons_gear:hunters_helmet": [
      954,
      0.368
    ],
    "dungeons_gear:mercenary_helmet": [
      954,
      0.368
    ],
    "dungeons_gear:ocelot_helmet": [
      954,
      0.368
    ],
    "dungeons_gear:opulent_helmet": [
      954,
      0.368
    ],
    "dungeons_gear:phantom_helmet": [
      954,
      0.368
    ],
    "dungeons_gear:plate_helmet": [
      954,
      0.368
    ],
    "dungeons_gear:reinforced_mail_helmet": [
      954,
      0.368
    ],
    "dungeons_gear:renegade_helmet": [
      954,
      0.368
    ],
    "dungeons_gear:rugged_climbing_helmet": [
      954,
      0.368
    ],
    "dungeons_gear:scale_mail_helmet": [
      954,
      0.368
    ],
    "dungeons_gear:shadow_walker_helmet": [
      954,
      0.368
    ],
    "dungeons_gear:snow_helmet": [
      954,
      0.368
    ],
    "dungeons_gear:soul_helmet": [
      954,
      0.368
    ],
    "dungeons_gear:souldancer_helmet": [
      954,
      0.368
    ],
    "dungeons_gear:spelunker_helmet": [
      954,
      0.368
    ],
    "dungeons_gear:spider_helmet": [
      954,
      0.368
    ],
    "dungeons_gear:stalwart_helmet": [
      954,
      0.368
    ],
    "dungeons_gear:thief_helmet": [
      954,
      0.368
    ],
    "dungeons_gear:titans_shroud_helmet": [
      954,
      0.368
    ],
    "dungeons_gear:wither_helmet": [
      954,
      0.368
    ],
    "dungeons_gear:wolf_helmet": [
      954,
      0.368
    ],
    "dungeons_mobs:alpine_helmet": [
      954,
      0.368
    ],
    "dungeons_mobs:chef_helmet": [
      954,
      0.368
    ],
    "dungeons_mobs:cracked_gold_piglin_helmet": [
      1201,
      -1.608
    ],
    "dungeons_mobs:cracked_netherite_piglin_helmet": [
      750,
      2.0
    ],
    "dungeons_mobs:diamond_pillager_helmet": [
      444,
      4.448
    ],
    "dungeons_mobs:diamond_vindicator_helmet": [
      954,
      0.368
    ],
    "dungeons_mobs:drowned_necromancer_helmet": [
      954,
      0.368
    ],
    "dungeons_mobs:expedition_helmet": [
      954,
      0.368
    ],
    "dungeons_mobs:fungus_thrower_helmet": [
      954,
      0.368
    ],
    "dungeons_mobs:geomancer_helmet": [
      954,
      0.368
    ],
    "dungeons_mobs:gold_piglin_helmet": [
      1201,
      -1.608
    ],
    "dungeons_mobs:gold_pillager_helmet": [
      954,
      0.368
    ],
    "dungeons_mobs:gold_vindicator_helmet": [
      954,
      0.368
    ],
    "dungeons_mobs:iceologer_helmet": [
      954,
      0.368
    ],
    "dungeons_mobs:illusioner_helmet": [
      954,
      0.368
    ],
    "dungeons_mobs:mage_helmet": [
      954,
      0.368
    ],
    "dungeons_mobs:mountaineer_helmet": [
      954,
      0.368
    ],
    "dungeons_mobs:necromancer_helmet": [
      954,
      0.368
    ],
    "dungeons_mobs:netherite_piglin_helmet": [
      750,
      2.0
    ],
    "dungeons_mobs:netherplate_helmet": [
      954,
      0.368
    ],
    "dungeons_mobs:royal_guard_helmet": [
      954,
      0.368
    ],
    "dungeons_mobs:vanguard_helmet": [
      954,
      0.368
    ],
    "dungeons_mobs:windcaller_helmet": [
      954,
      0.368
    ],
    "eidolon:top_hat": [
      1362,
      -2.896
    ],
    "eidolon:warlock_hat": [
      861,
      1.112
    ],
    "enigmaticlegacy:etherium_helmet": [
      1,
      22.048
    ],
    "good_nights_sleep:candy_helmet": [
      1320,
      -2.56
    ],
    "good_nights_sleep:negatite_helmet": [
      1,
      11.76
    ],
    "good_nights_sleep:positite_helmet": [
      1,
      9.176
    ],
    "good_nights_sleep:rainbow_helmet": [
      659,
      2.728
    ],
    "good_nights_sleep:zitrite_helmet": [
      422,
      4.624
    ],
    "greekfantasy:achilles_helmet": [
      544,
      3.648
    ],
    "greekfantasy:helm_of_darkness": [
      1003,
      -0.024
    ],
    "greekfantasy:nemean_lion_hide": [
      1,
      12.08
    ],
    "greekfantasy:snakeskin_helmet": [
      950,
      0.4
    ],
    "iceandfire:armor_amythest_helmet": [
      1,
      13.408
    ],
    "iceandfire:armor_black_helmet": [
      1,
      13.408
    ],
    "iceandfire:armor_blue_helmet": [
      1,
      13.408
    ],
    "iceandfire:armor_bronze_helmet": [
      1,
      13.408
    ],
    "iceandfire:armor_copper_helmet": [
      1,
      13.408
    ],
    "iceandfire:armor_electric_helmet": [
      1,
      13.408
    ],
    "iceandfire:armor_gray_helmet": [
      1,
      13.408
    ],
    "iceandfire:armor_green_helmet": [
      1,
      13.408
    ],
    "iceandfire:armor_red_helmet": [
      1,
      13.408
    ],
    "iceandfire:armor_sapphire_helmet": [
      1,
      13.408
    ],
    "iceandfire:armor_silver_helmet": [
      1,
      13.408
    ],
    "iceandfire:armor_silver_metal_helmet": [
      940,
      0.48
    ],
    "iceandfire:armor_white_helmet": [
      1,
      13.408
    ],
    "iceandfire:blindfold": [
      1389,
      -3.112
    ],
    "iceandfire:deathworm_red_helmet": [
      569,
      3.448
    ],
    "iceandfire:deathworm_white_helmet": [
      569,
      3.448
    ],
    "iceandfire:deathworm_yellow_helmet": [
      569,
      3.448
    ],
    "iceandfire:dragonsteel_fire_helmet": [
      1,
      38.224
    ],
    "iceandfire:dragonsteel_ice_helmet": [
      1,
      38.224
    ],
    "iceandfire:dragonsteel_lightning_helmet": [
      1,
      38.224
    ],
    "iceandfire:earplugs": [
      1389,
      -3.112
    ],
    "iceandfire:forest_troll_leather_helmet": [
      517,
      3.864
    ],
    "iceandfire:frost_troll_leather_helmet": [
      517,
      3.864
    ],
    "iceandfire:mountain_troll_leather_helmet": [
      517,
      3.864
    ],
    "iceandfire:myrmex_desert_helmet": [
      250,
      6.0
    ],
    "iceandfire:myrmex_jungle_helmet": [
      250,
      6.0
    ],
    "iceandfire:sheep_helmet": [
      1302,
      -2.416
    ],
    "iceandfire:tide_blue_helmet": [
      1,
      10.2
    ],
    "iceandfire:tide_bronze_helmet": [
      1,
      10.2
    ],
    "iceandfire:tide_deepblue_helmet": [
      1,
      10.2
    ],
    "iceandfire:tide_green_helmet": [
      1,
      10.2
    ],
    "iceandfire:tide_purple_helmet": [
      1,
      10.2
    ],
    "iceandfire:tide_red_helmet": [
      1,
      10.2
    ],
    "iceandfire:tide_teal_helmet": [
      1,
      10.2
    ],
    "kubejs:crankonator": [
      69,
      0.0
    ],
    "majruszs_difficulty:end_helmet": [
      1,
      10.688
    ],
    "minecraft:bucket": [
      100,
      0.0
    ],
    "minecraft:chainmail_helmet": [
      1098,
      -0.784
    ],
    "minecraft:diamond_helmet": [
      444,
      4.448
    ],
    "minecraft:dispenser": [
      100,
      0.0
    ],
    "minecraft:dropper": [
      100,
      0.0
    ],
    "minecraft:end_rod": [
      100,
      0.0
    ],
    "minecraft:golden_helmet": [
      1201,
      -1.608
    ],
    "minecraft:iron_helmet": [
      954,
      0.368
    ],
    "minecraft:leather_helmet": [
      1356,
      -2.848
    ],
    "minecraft:netherite_helmet": [
      361,
      5.112
    ],
    "minecraft:oak_fence_gate": [
      100,
      0.0
    ],
    "minecraft:observer": [
      100,
      0.0
    ],
    "minecraft:shulker_shell": [
      1328,
      -2.624
    ],
    "minecraft:turtle_helmet": [
      865,
      1.08
    ],
    "mowziesmobs:barako_mask": [
      1262,
      -2.096
    ],
    "mowziesmobs:barakoa_mask_bliss": [
      1384,
      -3.072
    ],
    "mowziesmobs:barakoa_mask_faith": [
      1384,
      -3.072
    ],
    "mowziesmobs:barakoa_mask_fear": [
      1384,
      -3.072
    ],
    "mowziesmobs:barakoa_mask_fury": [
      1384,
      -3.072
    ],
    "mowziesmobs:barakoa_mask_misery": [
      1384,
      -3.072
    ],
    "mowziesmobs:barakoa_mask_rage": [
      1384,
      -3.072
    ],
    "mowziesmobs:wrought_helmet": [
      1051,
      -0.408
    ],
    "mysticalworld:antler_hat": [
      1362,
      -2.896
    ],
    "mysticalworld:beetle_helmet": [
      619,
      3.048
    ],
    "mysticalworld:copper_helmet": [
      752,
      1.984
    ],
    "mysticalworld:lead_helmet": [
      656,
      2.752
    ],
    "mysticalworld:sapphire_helmet": [
      44,
      7.648
    ],
    "mysticalworld:tin_helmet": [
      1014,
      -0.112
    ],
    "pickletweaks:emerald_helmet": [
      1,
      9.592
    ],
    "pickletweaks:flint_helmet": [
      947,
      0.424
    ],
    "pickletweaks:night_vision_goggles": [
      750,
      2.0
    ],
    "pickletweaks:reinforced_night_vision_goggles": [
      405,
      4.76
    ],
    "pirate_hat:eyepatch_helmet": [
      867,
      1.064
    ],
    "pirate_hat:pirate_helmet": [
      861,
      1.112
    ],
    "pirate_hat:sailor_helmet": [
      861,
      1.112
    ],
    "quark:forgotten_hat": [
      1356,
      -2.848
    ],
    "rats:archeologist_hat": [
      1183,
      -1.464
    ],
    "rats:black_death_mask": [
      1210,
      -1.68
    ],
    "rats:chef_toque": [
      1183,
      -1.464
    ],
    "rats:exterminator_hat": [
      1183,
      -1.464
    ],
    "rats:farmer_hat": [
      1183,
      -1.464
    ],
    "rats:fisherman_hat": [
      1183,
      -1.464
    ],
    "rats:halo_hat": [
      1183,
      -1.464
    ],
    "rats:party_hat_1": [
      1183,
      -1.464
    ],
    "rats:party_hat_2": [
      1183,
      -1.464
    ],
    "rats:party_hat_3": [
      1183,
      -1.464
    ],
    "rats:party_hat_4": [
      1183,
      -1.464
    ],
    "rats:piper_hat": [
      804,
      1.568
    ],
    "rats:pirat_hat": [
      1183,
      -1.464
    ],
    "rats:plague_doctor_mask": [
      1210,
      -1.68
    ],
    "rats:rat_fez": [
      1183,
      -1.464
    ],
    "rats:rat_king_crown": [
      1183,
      -1.464
    ],
    "rats:santa_hat": [
      1183,
      -1.464
    ],
    "rats:top_hat": [
      1183,
      -1.464
    ],
    "scuba_gear:scuba_helmet": [
      954,
      0.368
    ],
    "stalwart_dungeons:chorundum_armor_helmet": [
      1,
      12.328
    ],
    "stalwart_dungeons:tungsten_helmet": [
      1,
      9.088
    ],
    "stalwart_dungeons:warted_tungsten_helmet": [
      1,
      9.088
    ],
    "tropicraft:ashen_mask_bat_boy": [
      1473,
      -3.784
    ],
    "tropicraft:ashen_mask_enigma": [
      1473,
      -3.784
    ],
    "tropicraft:ashen_mask_headinator": [
      1473,
      -3.784
    ],
    "tropicraft:ashen_mask_horn_monkey": [
      1473,
      -3.784
    ],
    "tropicraft:ashen_mask_invader": [
      1473,
      -3.784
    ],
    "tropicraft:ashen_mask_mojo": [
      1473,
      -3.784
    ],
    "tropicraft:ashen_mask_oblongatron": [
      1473,
      -3.784
    ],
    "tropicraft:ashen_mask_screw_attack": [
      1473,
      -3.784
    ],
    "tropicraft:ashen_mask_square_horn": [
      1473,
      -3.784
    ],
    "tropicraft:ashen_mask_square_zord": [
      1473,
      -3.784
    ],
    "tropicraft:ashen_mask_the_brain": [
      1473,
      -3.784
    ],
    "tropicraft:ashen_mask_the_heart": [
      1473,
      -3.784
    ],
    "tropicraft:ashen_mask_warthog": [
      1473,
      -3.784
    ],
    "tropicraft:fire_helmet": [
      1062,
      -0.496
    ],
    "tropicraft:nigel_stache": [
      1473,
      -3.784
    ],
    "tropicraft:pink_scuba_goggles": [
      1491,
      -3.928
    ],
    "tropicraft:scale_helmet": [
      915,
      0.68
    ],
    "tropicraft:yellow_scuba_goggles": [
      1491,
      -3.928
    ],
    "twilightforest:arctic_helmet": [
      688,
      2.496
    ],
    "twilightforest:fiery_helmet": [
      1,
      10.144
    ],
    "twilightforest:ironwood_helmet": [
      606,
      3.152
    ],
    "twilightforest:knightmetal_helmet": [
      245,
      6.04
    ],
    "twilightforest:phantom_helmet": [
      60,
      7.52
    ],
    "twilightforest:steeleaf_helmet": [
      378,
      4.976
    ],
    "twilightforest:yeti_helmet": [
      143,
      6.856
    ],
    "undergarden:cloggrum_helmet": [
      553,
      3.576
    ],
    "undergarden:froststeel_helmet": [
      493,
      4.056
    ],
    "undergarden:utheric_helmet": [
      1,
      8.4
    ],
    "upgradednetherite:corrupt_upgraded_netherite_helmet": [
      1,
      8.52
    ],
    "upgradednetherite:ender_upgraded_netherite_helmet": [
      1,
      8.52
    ],
    "upgradednetherite:feather_upgraded_netherite_helmet": [
      1,
      8.52
    ],
    "upgradednetherite:fire_upgraded_netherite_helmet": [
      1,
      8.52
    ],
    "upgradednetherite:gold_upgraded_netherite_helmet": [
      1,
      8.52
    ],
    "upgradednetherite:phantom_upgraded_netherite_helmet": [
      1,
      8.52
    ],
    "upgradednetherite:poison_upgraded_netherite_helmet": [
      1,
      8.52
    ],
    "upgradednetherite:water_upgraded_netherite_helmet": [
      1,
      8.52
    ],
    "upgradednetherite:wither_upgraded_netherite_helmet": [
      1,
      8.52
    ],
    "usefulhats:aquanaut_helmet": [
      950,
      0.4
    ],
    "usefulhats:bunny_ears": [
      950,
      0.4
    ],
    "usefulhats:chopping_hat": [
      1217,
      -1.736
    ],
    "usefulhats:ender_helmet": [
      1413,
      -3.304
    ],
    "usefulhats:halo": [
      950,
      0.4
    ],
    "usefulhats:lucky_hat": [
      1217,
      -1.736
    ],
    "usefulhats:mining_hat": [
      1084,
      -0.672
    ],
    "usefulhats:mushroom_hat": [
      1413,
      -3.304
    ],
    "usefulhats:postman_hat": [
      950,
      0.4
    ],
    "usefulhats:shulker_helmet": [
      950,
      0.4
    ],
    "usefulhats:stocking_cap": [
      940,
      0.48
    ],
    "usefulhats:straw_hat": [
      1217,
      -1.736
    ],
    "usefulhats:wing_helmet": [
      950,
      0.4
    ]
  },
  "__comment": [
    "Mobs will be able to equip items declared here",
    "The first number is the weight while the second number is the quality",
    "Weight is the weight of an item. Higher weight means that the item is more likely to get choosen",
    "Quality is a modifier applied to the weight. The final weight used is weight + quality * current difficulty"
  ]
}