{
    "icon": {
        "item": {
            "id": "minecraft:diamond_sword",
            "Count": 1
        },
        "color": 14277081
    },
    "range": {
        "deity": "greek:zeus",
        "minlevel": 7,
        "maxlevel": 10
    },
    "condition": [
        {
            "type": "enter_combat"
        }
    ],
    "action": [
        {
            "type": "potion",
            "tag": {
                "Potion": "minecraft:strength",
                "Amplifier": 0,
                "Duration": 900
            }
        }
    ],
    "cooldown": 4600,
    "cooldown_category": "zeus:potion",
    "chance": 0.15
}