{
    "icon": {
        "item": "minecraft:phantom_membrane",
        "color": 65535
    },
    "range": {
        "deity": "greek:zeus",
        "minlevel": -4,
        "maxlevel": -10
    },
    "condition": [
        {
            "type": "random_tick"
        },
        {
            "type": "night"
        }
    ],
    "action": [
        {
            "type": "summon",
            "tag": {
                "id": "minecraft:phantom",
                "ActiveEffects": [
                    {
                        "Id":5, "Amplifier":0, "Duration":12000
                    },
                    {
                        "Id":11, "Amplifier":0, "Duration":12000
                    }
                ]
            }
        }
    ],
    "chance": 0.01,
    "cooldown": 16000
}