{
    "type": "minecraft:gift",
    "pools": [
      {
        "rolls": 1,
        "entries": [
          {
            "type": "minecraft:item",
            "weight": 120,
            "name": "minecraft:gold_nugget",
            "functions": [
              {
                "function": "minecraft:set_count",
                "count": {
                  "min": 2.0,
                  "max": 6.0,
                  "type": "minecraft:uniform"
                }
              }
            ]
          },
          {
            "type": "minecraft:item",
            "weight": 70,
            "name": "minecraft:quartz"
          },
          {
            "type": "minecraft:item",
            "weight": 8,
            "name": "minecraft:gold_ingot"
          },
          {
            "type": "minecraft:item",
            "weight": 1,
            "name": "minecraft:netherite_scrap"
          }
        ]
      }
    ]
  }