{
    "type":"minecraft:fishing",
    "pools":[
        {
            "rolls":1.0,
            "entries":[
                {
                    "type":"minecraft:item",
                    "weight": 2,
                    "functions":[
                        {
                            "function":"minecraft:set_contents",
                            "entries":[
                                {
                                    "type":"minecraft:loot_table",
                                    "name":"aquaculture:box/neptunes_bounty"
                                }
                            ]
                        }
                    ],
                    "name":"aquaculture:neptunes_bounty"
                },
                {
                    "type":"minecraft:loot_table",
                    "weight": 7,
                    "name":"minecraft:gameplay/fishing/treasure"
                },
                {
                    "type":"minecraft:loot_table",
                    "weight": 1,
                    "name":"minecraft:gameplay/fishing/junk"
                }
            ]
        }
    ]
}