[
  {
    "amount": 4,
    "duplicates": true,
    "trades": [
      {
        "weight": 3,
        "output": [
          {
            "item": "minecraft:cobblestone",
            "count": 20
          },
          {
            "item": "minecraft:andesite",
            "count": 10
          },
          {
            "item": "minecraft:diorite",
            "count": 10
          },
          {
            "item": "minecraft:granite",
            "count": 15
          },
          {
            "item": "minecraft:coal",
            "count": 25
          },
          {
            "item": "minecraft:clay",
            "count": 8
          },
          {
            "item": "minecraft:redstone",
            "count": 6
          },
          {
            "item": "cavesandcliffs:raw_iron",
            "count": 3
          },
          {
            "item": "cavesandcliffs:raw_gold",
            "count": 3
          },
          {
            "item": "cavesandcliffs:raw_copper",
            "count": 3
          },
          {
            "item": "darkerdepths:raw_silver",
            "count": 3
          },
          {
            "item": "minecraft:lapis_lazuli",
            "count": 6
          }
        ],
        "input": [
          {
            "item": "minecraft:apple",
            "count": 4
          },
          {
            "item": "minecraft:bread",
            "count": 3
          },
          {
            "item": "minecraft:cooked_porkchop",
            "count": 2
          },
          {
            "item": "minecraft:cooked_cod",
            "count": 2
          },
          {
            "item": "minecraft:cooked_salmon",
            "count": 2
          },
          {
            "item": "minecraft:cookie",
            "count": 4
          },
          {
            "item": "minecraft:melon_slice",
            "count": 6
          },
          {
            "item": "minecraft:cooked_beef",
            "count": 2
          },
          {
            "item": "minecraft:cooked_chicken",
            "count": 2
          },
          {
            "item": "minecraft:mushroom_stew",
            "count": 1
          },
          {
            "item": "minecraft:beetroot_soup",
            "count": 1
          }
        ]
      },
      {
        "output": [
          [
            {
              "item": "minecraft:diamond",
              "count": 3
            },
            {
              "item": "feywild:fey_gem_block",
              "count": 3
            },
            {
              "item": "minecraft:emerald",
              "count": 6
            }
          ]
        ],
        "input": [
          [
            {
              "item": "minecraft:cake",
              "count": 2
            },
            {
              "item": "minecraft:pumpkin_pie",
              "count": 2
            },
            {
              "item": "minecraft:rabbit_stew",
              "count": 1
            }
          ]
        ],
        "uses": 1,
        "exp": 10,
        "mul": 0.05
      }
    ]
  },
  {
    "amount": 3,
    "trades": [
      {
        "output": {
          "item": "feywild:greater_fey_gem",
          "count": 1
        },
        "input": {
          "item": "feywild:lesser_fey_gem",
          "count": 4
        },
        "uses": 5,
        "exp": 1,
        "mul": 0.05
      },
      {
        "output": {
          "item": "feywild:shiny_fey_gem",
          "count": 1
        },
        "input": {
          "item": "feywild:greater_fey_gem",
          "count": 4
        },
        "uses": 5,
        "exp": 1,
        "mul": 0.05
      },
      {
        "output": {
          "item": "feywild:brilliant_fey_gem",
          "count": 1
        },
        "input": {
          "item": "feywild:shiny_fey_gem",
          "count": 4
        },
        "uses": 5,
        "exp": 1,
        "mul": 0.05
      }
    ]
  },
  {
    "amount": 2,
    "trades": [
      {
        "output": {
          "item": "feywild:schematics_gem_transmutation",
          "count": 1
        },
        "input": {
          "item": "feywild:brilliant_fey_gem",
          "count": 1
        },
        "uses": 1,
        "exp": 5,
        "mul": 0.05
      },
      {
        "output": {
          "item": "feywild:market_rune_stone",
          "count": 1
        },
        "input": {
          "item": "feywild:inactive_market_rune_stone",
          "count": 1
        },
        "uses": 1,
        "exp": 5,
        "mul": 0.05
      }
    ]
  }
]