[
  {
    "amount": 2,
    "trades": [
      {
        "input": {
          "item": "cavesandcliffs:raw_iron",
          "count": [
            3,
            4
          ]
        },
        "output": {
          "item": "feywild:lesser_fey_gem",
          "count": 1
        },
        "uses": 5,
        "exp": 1,
        "mul": 0.05
      },
      {
        "input": {
          "item": "cavesandcliffs:raw_gold",
          "count": [
            2,
            3
          ]
        },
        "output": {
          "item": "feywild:lesser_fey_gem",
          "count": 1
        },
        "uses": 5,
        "exp": 1,
        "mul": 0.05
      },
      {
        "input": {
          "item": "cavesandcliffs:raw_copper",
          "count": [
            2,
            3
          ]
        },
        "output": {
          "item": "feywild:lesser_fey_gem",
          "count": 1
        },
        "uses": 5,
        "exp": 1,
        "mul": 0.05
      },
      {
        "input": {
          "item": "darkerdepths:raw_silver",
          "count": [
            2,
            3
          ]
        },
        "output": {
          "item": "feywild:lesser_fey_gem",
          "count": 1
        },
        "uses": 5,
        "exp": 1,
        "mul": 0.05
      },
      {
        "input": {
          "item": "minecraft:coal",
          "count": [
            16,
            20
          ]
        },
        "output": {
          "item": "feywild:lesser_fey_gem",
          "count": 1
        },
        "uses": 5,
        "exp": 1,
        "mul": 0.05
      },
      {
        "input": {
          "item": "minecraft:redstone",
          "count": [
            10,
            14
          ]
        },
        "output": {
          "item": "feywild:lesser_fey_gem",
          "count": 1
        },
        "uses": 5,
        "exp": 1,
        "mul": 0.05
      },
      {
        "input": {
          "item": "minecraft:lapis_lazuli",
          "count": [
            4,
            8
          ]
        },
        "output": {
          "item": "feywild:lesser_fey_gem",
          "count": 2
        },
        "uses": 5,
        "exp": 1,
        "mul": 0.05
      }
    ]
  },
  {
    "amount": 3,
    "trades": [
      {
        "output": {
          "item": "minecraft:diamond_pickaxe",
          "count": 1
        },
        "input": {
          "item": "feywild:lesser_fey_gem",
          "count": [8, 12]
        },
        "uses": 1,
        "exp": 10,
        "mul": 0.05
      },
      {
        "output": {
          "item": "minecraft:diamond_shovel",
          "count": 1
        },
        "input": {
          "item": "feywild:lesser_fey_gem",
          "count": [6, 8]
        },
        "uses": 1,
        "exp": 10,
        "mul": 0.05
      },
      {
        "output": {
          "item": "minecraft:lantern",
          "count": [3, 5]
        },
        "input": {
          "item": "feywild:lesser_fey_gem",
          "count": 2
        },
        "uses": 5,
        "exp": 5,
        "mul": 0.05
      },
      {
        "output": {
          "item": "minecraft:torch",
          "count": [5, 7]
        },
        "input": {
          "item": "feywild:lesser_fey_gem",
          "count": 1
        },
        "uses": 10,
        "exp": 1,
        "mul": 0.05
      },
      {
        "output": {
          "item": "feywild:mandrake",
          "count": 5
        },
        "input": {
          "item": "feywild:lesser_fey_gem",
          "count": [1, 2]
        },
        "uses": 3,
        "exp": 3,
        "mul": 0.05
      },
      {
        "output": {
          "item": "minecraft:tnt",
          "count": [3, 4]
        },
        "input": {
          "item": "feywild:lesser_fey_gem",
          "count": 2
        },
        "uses": 5,
        "exp": 5,
        "mul": 0.05
      },
      {
        "output": {
          "item": "minecraft:minecart",
          "count": 1
        },
        "input": {
          "item": "feywild:lesser_fey_gem",
          "count": 2
        },
        "uses": 2,
        "exp": 3,
        "mul": 0.05
      }
    ]
  },
  {
    "amount": 1,
    "trades": [
      {
        "output": {
          "item": "feywild:summoning_scroll_dwarf_blacksmith",
          "count": 1
        },
        "input": {
          "item": "feywild:lesser_fey_gem",
          "count": [18, 24]
        },
        "uses": 1,
        "exp": 5,
        "mul": 0.05
      }
    ]
  }
]