{
    "icon": {
        "item": "minecraft:cod",
        "color": 14277081
    },
    "range": {
        "deity": "greek:poseidon",
        "minlevel": 2,
        "maxlevel": 8
    },
    "condition": [
        {
            "type": "random_tick"
        },
        {
            "biome": "WATER"
        }
    ],
    "action": [
        {
            "type": "item",
            "item": {
                "id": "minecraft:cod",
                "Count": 4
            }
        }
    ],
    "cooldown": 4400,
    "chance": 0.015
}