{
    "icon": {
        "item": {
            "id": "minecraft:wooden_sword",
            "Count": 1
        },
        "color": 14277081
    },
    "range": {
        "deity": "greek:poseidon",
        "minlevel": -10,
        "maxlevel": 10
    },
    "condition": [
        {
            "type": "player_hurt_entity",
            "data": "minecraft:horse"
        }
    ],
    "action": [
        {
            "type": "damage",
            "multiplier": 0.5
        }
    ],
    "cooldown": 550,
    "cooldown_category": "poseidon:damage_to_horse_down",
    "chance": 0.045
}