{
    "icon": {
        "item": "minecraft:tube_coral",
        "color": 14277081
    },
    "range": {
        "deity": "greek:poseidon",
        "minlevel": 6,
        "maxlevel": 10
    },
    "condition": [
        {
            "type": "random_tick"
        },
        {
            "biome": "WATER"
        }
    ],
    "action": [
        {
            "type": "potion",
            "tag": {
                "Potion": "minecraft:dolphins_grace",
                "Amplifier": 0,
                "Duration": 900
            }
        }
    ],
    "cooldown": 3200,
    "cooldown_category": "poseidon:potion",
    "chance": 0.025
}