{
    "icon": {
        "item": "minecraft:prismarine_shard",
        "color": 65535
    },
    "range": {
        "deity": "greek:poseidon",
        "minlevel": -6,
        "maxlevel": -10
    },
    "condition": [
        {
            "type": "random_tick"
        },
        {
            "type": "biome",
            "data": "WATER"
        }
    ],
    "action": [
        {
            "type": "summon",
            "tag": {
                "id": "minecraft:guardian"
            }
        },
        {
            "type": "summon",
            "tag": {
                "id": "minecraft:guardian"
            }
        },
        {
            "type": "summon",
            "tag": {
                "id": "minecraft:guardian"
            }
        }
    ],
    "chance": 0.05,
    "cooldown": 12000
}