{
    "icon": {
        "item": {
            "id": "minecraft:spider_eye",
            "Count": 1
        },
        "color": 14277081
    },
    "range": {
        "deity": "greek:hermes",
        "minlevel": 5,
        "maxlevel": 10
    },
    "condition": [
        {
            "type": "random_tick"
        }
    ],
    "action": [
        {
            "type": "potion",
            "tag": {
                "Potion": "minecraft:invisibility",
                "Amplifier": 0,
                "Duration": 1100
            }
        }
    ],
    "cooldown": 4800,
    "chance": 0.015
}