{
    "icon": {
        "item": {
            "id": "minecraft:sugar",
            "Count": 1
        },
        "color": 14277081
    },
    "range": {
        "deity": "greek:hermes",
        "minlevel": 5,
        "maxlevel": 10
    },
    "condition": [
        {
            "type": "random_tick"
        }
    ],
    "action": [
        {
            "type": "potion",
            "tag": {
                "Potion": "minecraft:speed",
                "Amplifier": 1,
                "Duration": 900
            }
        }
    ],
    "cooldown": 4300,
    "chance": 0.026
}