{
  "replace": false,
  "values": [
    { "id":"infernalexp:raw_hogchop", "required": false },
    { "id":"infernalexp:cooked_hogchop", "required": false },
    { "id":"twilightforest:raw_venison", "required": false },
    { "id":"twilightforest:cooked_venison", "required": false },
    { "id":"twilightforest:raw_meef", "required": false },
    { "id":"twilightforest:cooked_meef", "required": false },
    { "id":"blue_skies:raw_venison", "required": false },
    { "id":"blue_skies:cooked_venison", "required": false },
    { "id":"blue_skies:carabeef", "required": false },
    { "id":"blue_skies:cooked_carabeef", "required": false },
    { "id":"vanillafoodpantry:horse_raw", "required": false },
    { "id":"vanillafoodpantry:horse_cooked", "required": false },
    { "id":"vanillafoodpantry:ravager_meat_raw", "required": false },
    { "id":"vanillafoodpantry:ravager_meat_prepped", "required": false },
    { "id":"vanillafoodpantry:bear_raw", "required": false },
    { "id":"vanillafoodpantry:bear_raw_prepped", "required": false },
    { "id":"vanillafoodpantry:bear_cooked", "required": false },
    { "id":"alexsmobs:moose_ribs", "required": false },
    { "id":"alexsmobs:cooked_moose_ribs", "required": false },
    { "id":"alexsmobs:kangaroo_meat", "required": false },
    { "id":"alexsmobs:cooked_kangaroo_meat", "required": false }
  ]
}
