{
    "icon": {
        "item": {
            "id": "minecraft:wooden_sword",
            "Count": 1
        },
        "color": 14277081
    },
    "range": {
        "deity": "greek:aphrodite",
        "minlevel": 5,
        "maxlevel": 10
    },
    "condition": [
        {
            "type": "player_hurt_entity",
            "data": "minecraft:player"
        }
    ],
    "action": [
        {
            "type": "damage",
            "multiplier": 0.9
        }
    ],
    "cooldown": 550,
    "cooldown_category": "aphrodite:damage_down",
    "chance": 0.6
}