{
    "icon": {
        "item": {
            "id": "minecraft:name_tag",
            "Count": 1
        },
        "color": 14277081
    },
    "range": {
        "deity": "greek:hecate",
        "minlevel": 9,
        "maxlevel": 10
    },
    "condition": [
        {
            "type": "player_interact_entity",
            "data": "minecraft:witch"
        },
        {
            "type": "mainhand_item",
            "data": "minecraft:nether_wart"
        }
    ],
    "action": [
        {
            "type": "affinity",
            "affinity": {
                "type": "tame",
                "entity": "minecraft:witch"
            }
        },
        {
            "type": "favor",
            "favor": -100
        }
    ],
    "cooldown_category": "tame",
    "cooldown": 12000
}