{
    "type": "ars_nouveau:enchanting_apparatus",
    "item_1": [
      {
        "tag": "minecraft:fishes"
      }
    ],
    "item_2": [
      {
        "tag": "forge:hay_bales"
      }
    ],
    "item_3": [
      {
        "item": "quark:apple_crate"
      }
    ],
    "item_4": [
      {
        "item": "farmersdelight:carrot_crate"
      }
    ],
    "item_5": [
      {
        "tag": "forge:seeds"
      }
    ],
    "item_6": [
      {
        "tag": "forge:storage_blocks/mana"
      }
    ],
    "item_7": [
      {
        "tag": "forge:storage_blocks/mana"
      }
    ],
    "item_8": [
      {
        "tag": "forge:storage_blocks/mana"
      }
    ],
    "reagent": [
      {
        "item": "ars_nouveau:drygmy_shard"
      }
    ],
    "output": {
      "item": "ars_nouveau:drygmy_charm"
    }
  }