{
  "type": "minecraft:block",
  "pools": [
    {
      "rolls": 1,
      "entries": [
        {
          "type": "minecraft:item",
          "name": "betterendforge:amber_grass"
        }
      ],
      "conditions": [
        {
          "condition": "minecraft:match_tool",
          "predicate": {
            "item": "minecraft:shears"
          }
        }
      ]
    },
    {
      "rolls": 1,
      "entries": [
        {
          "type": "minecraft:item",
          "name": "farmersdelight:straw"
        }
      ],
      "conditions": [
        {
          "condition": "minecraft:match_tool",
          "predicate": {
            "tag": "farmersdelight:tools/knives"
          }
        },
        {
          "condition": "minecraft:random_chance",
          "chance": 0.1
        }
      ]
    }

  ]
}