[
  {
    "amount": 2,
    "trades": [
      {
        "input": {
          "item": "feywild:lesser_fey_gem",
          "count": 2
        },
        "output": {
          "item": "minecraft:gunpowder",
          "count": 1
        },
        "uses": 3,
        "exp": 1,
        "mul": 0.05
      },
      {
        "input": {
          "item": "feywild:greater_fey_gem",
          "count": 3
        },
        "output": {
          "item": "minecraft:ender_pearl",
          "count": 1
        },
        "uses": 3,
        "exp": 0,
        "mul": 0.05
      },
      {
        "input": {
          "item": "feywild:lesser_fey_gem",
          "count": 1
        },
        "output": {
          "item": "minecraft:bone",
          "count": 10
        },
        "uses": 6,
        "exp": 0,
        "mul": 0.05
      },
      {
        "input": {
          "item": "feywild:lesser_fey_gem",
          "count": 1
        },
        "output": {
          "item": "minecraft:rotten_flesh",
          "count": 10
        },
        "uses": 10,
        "exp": 0,
        "mul": 0.05
      },
      {
        "input": {
          "item": "feywild:shiny_fey_gem",
          "count": 1
        },
        "output": {
          "item": "minecraft:shulker_shell",
          "count": 1
        },
        "uses": 1,
        "exp": 0,
        "mul": 0.05
      },
      {
        "input": {
          "item": "feywild:lesser_fey_gem",
          "count": 1
        },
        "output": {
          "item": "minecraft:spider_eye",
          "count": 10
        },
        "uses": 6,
        "exp": 0,
        "mul": 0.05
      },
      {
        "input": {
          "item": "feywild:greater_fey_gem",
          "count": 2
        },
        "output": {
          "item": "minecraft:zombie_head",
          "count": 1
        },
        "uses": 2,
        "exp": 0,
        "mul": 0.05
      },
      {
        "input": {
          "item": "feywild:greater_fey_gem",
          "count": 3
        },
        "output": {
          "item": "minecraft:creeper_head",
          "count": 1
        },
        "uses": 2,
        "exp": 0,
        "mul": 0.05
      },
      {
        "input": {
          "item": "feywild:greater_fey_gem",
          "count": 2
        },
        "output": {
          "item": "minecraft:skeleton_skull",
          "count": 1
        },
        "uses": 2,
        "exp": 0,
        "mul": 0.05
      },
      {
        "input": {
          "item": "feywild:brilliant_fey_gem",
          "count": 1
        },
        "output": {
          "item": "minecraft:wither_skeleton_skull",
          "count": 1
        },
        "uses": 1,
        "exp": 0,
        "mul": 0.05
      }
    ]
  }
]