{
  "type": "minecraft:crafting_shapeless",
  "ingredients": [
    {
      "item": "minecraft:book"
    },
    {
      "tag": "forge:bookshelves"
    }
  ],
  "result": {
    "type":"forge:nbt",
    "item": "akashictome:tome",
    "count": 1,
    "nbt": "{\"akashictome:data\":{storagenetwork:{id:\"patchouli:guide_book\",Count:1b,tag:{\"patchouli:book\":\"storagenetwork:network_book\"}},mushroomquest:{id:\"mushroomquest:mycopedia\",Count:1b},solpotato:{id:\"solpotato:food_book\",Count:1b},alexsmobs:{id:\"alexsmobs:animal_dictionary\",Count:1b},apotheosis:{id:\"patchouli:guide_book\",Count:1b,tag:{\"patchouli:book\":\"apotheosis:apoth_chronicle\"}},eidolon:{id:\"eidolon:codex\",Count:1b},iceandfire:{id:\"iceandfire:bestiary\",Count:1b,tag:{Pages:[I;0]}},productivebees:{id:\"patchouli:guide_book\",Count:1b,tag:{\"patchouli:book\":\"productivebees:guide\"}},feywild:{id:\"patchouli:guide_book\",Count:1b,tag:{\"patchouli:book\":\"feywild:feywild_lexicon\"}},ars_nouveau:{id:\"ars_nouveau:worn_notebook\",Count:1b},mysticalworld:{id:\"mysticalworld:encyclopedia\",Count:1b},dimdungeons:{id:\"patchouli:guide_book\",Count:1b,tag:{\"patchouli:book\":\"dimdungeons:guide_book\"}},buddycards:{id:\"patchouli:guide_book\",Count:1b,tag:{\"patchouli:book\":\"buddycards:buddycard_guidebook\"}},twilightforest:{id:\"patchouli:guide_book\",Count:1b,tag:{\"patchouli:book\":\"twilightforest:guide\"}},supplementaries:{ForgeCaps:{\"dungeons_libraries:built_in_enchantments\":{BuiltInEnchantments:[]}},id:\"patchouli:guide_book\",Count:1b,tag:{\"akashictome:displayName\":{text:\"§6Supplemental Manual\"},\"patchouli:book\":\"supplementaries:supplementaries_guide\",\"akashictome:is_morphing\":1b,display:{Name:'{\"translate\":\"akashictome.sudo_name\",\"with\":[{\"color\":\"green\",\"text\":\"§6Supplemental Manual\"}]}'}}},betterendforge:{id:\"betterendforge:guidebook\",Count:1b},uniquebase:{ForgeCaps:{\"dungeons_libraries:built_in_enchantments\":{BuiltInEnchantments:[]}},id:\"patchouli:guide_book\",Count:1b,tag:{\"akashictome:displayName\":{text:\"Hecate's Grimoire\"},\"patchouli:book\":\"uniquebase:grimoire\",\"akashictome:is_morphing\":1b,display:{Name:'{\"translate\":\"akashictome.sudo_name\",\"with\":[{\"color\":\"green\",\"text\":\"Hecate\\'s Grimoire\"}]}'}}},cookingforblockheads:{ForgeCaps:{\"dungeons_libraries:built_in_enchantments\":{BuiltInEnchantments:[]}},id:\"cookingforblockheads:recipe_book\",Count:1b,tag:{\"akashictome:displayName\":{text:\"Cooking for Blockheads I\"},\"akashictome:is_morphing\":1b,display:{Name:'{\"translate\":\"akashictome.sudo_name\",\"with\":[{\"color\":\"green\",\"text\":\"Cooking for Blockheads I\"}]}'}}}}}"
  }
} 