{
  "_README": "https://gitlab.com/CDAGaming/CraftPresence/-/wikis/home",
  "_schemaVersion": 3,
  "_lastMCVersionId": 754,
  "generalSettings": {
    "detectCurseManifest": true,
    "detectMultiMCManifest": true,
    "detectMCUpdaterInstance": true,
    "detectTechnicPack": true,
    "detectBiomeData": false,
    "detectDimensionData": true,
    "detectWorldData": true,
    "clientId": "950857695592841307",
    "defaultIcon": "rad2",
    "enableJoinRequests": true,
    "partyPrivacyLevel": 0,
    "preferredClientLevel": 3,
    "resetTimeOnInit": false,
    "autoRegister": false
  },
  "biomeSettings": {
    "fallbackBiomeIcon": "unknown",
    "biomeData": {
      "default": {
        "textOverride": "Wandering the {biome.name}",
        "data": {
          "enabled": true,
          "useAsMain": false,
          "details": "",
          "gameState": "",
          "largeImageKey": "",
          "largeImageText": "",
          "smallImageKey": "",
          "smallImageText": "",
          "startTimestamp": "",
          "endTimestamp": "",
          "buttons": {
            "default": {
              "label": "Example Text",
              "url": "https://google.com"
            }
          }
        }
      }
    }
  },
  "dimensionSettings": {
    "fallbackDimensionIcon": "rad2",
    "dimensionData": {
      "dungeon_dimension": {
        "textOverride": "Exploring -{dimension.name}-",
        "iconOverride": "dungeon_dimension",
        "data": {
          "enabled": true,
          "useAsMain": false,
          "details": "",
          "gameState": "",
          "largeImageKey": "",
          "largeImageText": "",
          "smallImageKey": "",
          "smallImageText": "",
          "startTimestamp": "",
          "endTimestamp": "",
          "buttons": {
            "default": {
              "label": "Example Text",
              "url": "https://google.com"
            }
          }
        }
      },
      "atum": {
        "textOverride": "Exploring -{dimension.name}-",
        "iconOverride": "atum",
        "data": {
          "enabled": true,
          "useAsMain": false,
          "details": "",
          "gameState": "",
          "largeImageKey": "",
          "largeImageText": "",
          "smallImageKey": "",
          "smallImageText": "",
          "startTimestamp": "",
          "endTimestamp": "",
          "buttons": {
            "default": {
              "label": "Example Text",
              "url": "https://google.com"
            }
          }
        }
      },
      "mining": {
        "textOverride": "Exploring -Mining Dimension-",
        "iconOverride": "mining_dimension",
        "data": {
          "enabled": true,
          "useAsMain": false,
          "details": "",
          "gameState": "",
          "largeImageKey": "",
          "largeImageText": "",
          "smallImageKey": "",
          "smallImageText": "",
          "startTimestamp": "",
          "endTimestamp": "",
          "buttons": {
            "default": {
              "label": "Example Text",
              "url": "https://google.com"
            }
          }
        }
      },
      "overworld": {
        "textOverride": "Exploring -{dimension.name}-",
        "iconOverride": "overworld",
        "data": {
          "enabled": true,
          "useAsMain": false,
          "details": "",
          "gameState": "",
          "largeImageKey": "",
          "largeImageText": "",
          "smallImageKey": "",
          "smallImageText": "",
          "startTimestamp": "",
          "endTimestamp": "",
          "buttons": {
            "default": {
              "label": "Example Text",
              "url": "https://google.com"
            }
          }
        }
      },
      "the_end": {
        "textOverride": "Exploring -{dimension.name}-",
        "iconOverride": "the_end",
        "data": {
          "enabled": true,
          "useAsMain": false,
          "details": "",
          "gameState": "",
          "largeImageKey": "",
          "largeImageText": "",
          "smallImageKey": "",
          "smallImageText": "",
          "startTimestamp": "",
          "endTimestamp": "",
          "buttons": {
            "default": {
              "label": "Example Text",
              "url": "https://google.com"
            }
          }
        }
      },
      "everbright": {
        "textOverride": "Exploring -{dimension.name}-",
        "iconOverride": "everbright",
        "data": {
          "enabled": true,
          "useAsMain": false,
          "details": "",
          "gameState": "",
          "largeImageKey": "",
          "largeImageText": "",
          "smallImageKey": "",
          "smallImageText": "",
          "startTimestamp": "",
          "endTimestamp": "",
          "buttons": {
            "default": {
              "label": "Example Text",
              "url": "https://google.com"
            }
          }
        }
      },
      "nightmare": {
        "textOverride": "Exploring -{dimension.name}-",
        "iconOverride": "nightmare",
        "data": {
          "enabled": true,
          "useAsMain": false,
          "details": "",
          "gameState": "",
          "largeImageKey": "",
          "largeImageText": "",
          "smallImageKey": "",
          "smallImageText": "",
          "startTimestamp": "",
          "endTimestamp": "",
          "buttons": {
            "default": {
              "label": "Example Text",
              "url": "https://google.com"
            }
          }
        }
      },
      "undergarden": {
        "textOverride": "Exploring -{dimension.name}-",
        "iconOverride": "undergarden_modpage",
        "data": {
          "enabled": true,
          "useAsMain": false,
          "details": "",
          "gameState": "",
          "largeImageKey": "",
          "largeImageText": "",
          "smallImageKey": "",
          "smallImageText": "",
          "startTimestamp": "",
          "endTimestamp": "",
          "buttons": {
            "default": {
              "label": "Example Text",
              "url": "https://google.com"
            }
          }
        }
      },
      "default": {
        "textOverride": "Exploring -{dimension.name}-",
        "data": {
          "enabled": true,
          "useAsMain": false,
          "details": "",
          "gameState": "",
          "largeImageKey": "",
          "largeImageText": "",
          "smallImageKey": "",
          "smallImageText": "",
          "startTimestamp": "",
          "endTimestamp": "",
          "buttons": {
            "default": {
              "label": "Example Text",
              "url": "https://google.com"
            }
          }
        }
      },
      "the_bumblezone": {
        "textOverride": "Exploring -{dimension.name}-",
        "iconOverride": "the_bumblezone_2",
        "data": {
          "enabled": true,
          "useAsMain": false,
          "details": "",
          "gameState": "",
          "largeImageKey": "",
          "largeImageText": "",
          "smallImageKey": "",
          "smallImageText": "",
          "startTimestamp": "",
          "endTimestamp": "",
          "buttons": {
            "default": {
              "label": "Example Text",
              "url": "https://google.com"
            }
          }
        }
      },
      "the_nether": {
        "textOverride": "Exploring -{dimension.name}-",
        "iconOverride": "the_nether",
        "data": {
          "enabled": true,
          "useAsMain": false,
          "details": "",
          "gameState": "",
          "largeImageKey": "",
          "largeImageText": "",
          "smallImageKey": "",
          "smallImageText": "",
          "startTimestamp": "",
          "endTimestamp": "",
          "buttons": {
            "default": {
              "label": "Example Text",
              "url": "https://google.com"
            }
          }
        }
      },
      "everdawn": {
        "textOverride": "Exploring -{dimension.name}-",
        "iconOverride": "everdawn_modpage",
        "data": {
          "enabled": true,
          "useAsMain": false,
          "details": "",
          "gameState": "",
          "largeImageKey": "",
          "largeImageText": "",
          "smallImageKey": "",
          "smallImageText": "",
          "startTimestamp": "",
          "endTimestamp": "",
          "buttons": {
            "default": {
              "label": "Example Text",
              "url": "https://google.com"
            }
          }
        }
      },
      "tropics": {
        "textOverride": "Exploring -{dimension.name}-",
        "iconOverride": "tropics",
        "data": {
          "enabled": true,
          "useAsMain": false,
          "details": "",
          "gameState": "",
          "largeImageKey": "",
          "largeImageText": "",
          "smallImageKey": "",
          "smallImageText": "",
          "startTimestamp": "",
          "endTimestamp": "",
          "buttons": {
            "default": {
              "label": "Example Text",
              "url": "https://google.com"
            }
          }
        }
      },
      "the_afterlight": {
        "textOverride": "Exploring -{dimension.name}-",
        "iconOverride": "the_afterlight",
        "data": {
          "enabled": true,
          "useAsMain": false,
          "details": "",
          "gameState": "",
          "largeImageKey": "",
          "largeImageText": "",
          "smallImageKey": "",
          "smallImageText": "",
          "startTimestamp": "",
          "endTimestamp": "",
          "buttons": {
            "default": {
              "label": "Example Text",
              "url": "https://google.com"
            }
          }
        }
      },
      "twilightforest": {
        "textOverride": "Exploring -Twilight Forest-",
        "iconOverride": "twilight_forest",
        "data": {
          "enabled": true,
          "useAsMain": false,
          "details": "",
          "gameState": "",
          "largeImageKey": "",
          "largeImageText": "",
          "smallImageKey": "",
          "smallImageText": "",
          "startTimestamp": "",
          "endTimestamp": "",
          "buttons": {
            "default": {
              "label": "Example Text",
              "url": "https://google.com"
            }
          }
        }
      },
      "good_dream": {
        "textOverride": "Exploring -{dimension.name}-",
        "iconOverride": "good_dream",
        "data": {
          "enabled": true,
          "useAsMain": false,
          "details": "",
          "gameState": "",
          "largeImageKey": "",
          "largeImageText": "",
          "smallImageKey": "",
          "smallImageText": "",
          "startTimestamp": "",
          "endTimestamp": "",
          "buttons": {
            "default": {
              "label": "Example Text",
              "url": "https://google.com"
            }
          }
        }
      },
      "market_place_dimension": {
        "textOverride": "Exploring -Dwarven Market-",
        "iconOverride": "dwarf_market",
        "data": {
          "enabled": true,
          "useAsMain": false,
          "details": "",
          "gameState": "",
          "largeImageKey": "",
          "largeImageText": "",
          "smallImageKey": "",
          "smallImageText": "",
          "startTimestamp": "",
          "endTimestamp": "",
          "buttons": {
            "default": {
              "label": "Example Text",
              "url": "https://google.com"
            }
          }
        }
      }
    }
  },
  "serverSettings": {
    "fallbackServerIcon": "rad2",
    "fallbackServerName": "Minecraft Server",
    "fallbackServerMotd": "A Minecraft Server",
    "serverData": {
      "default": {
        "textOverride": "Playing: Multiplayer",
        "data": {
          "enabled": true,
          "useAsMain": false,
          "details": "",
          "gameState": "",
          "largeImageKey": "",
          "largeImageText": "",
          "smallImageKey": "",
          "smallImageText": "",
          "startTimestamp": "",
          "endTimestamp": "",
          "buttons": {
            "default": {
              "label": "Example Text",
              "url": "https://google.com"
            }
          }
        }
      }
    }
  },
  "statusMessages": {
    "mainMenuData": {
      "textOverride": "In the Main Menu",
      "data": {
        "enabled": true,
        "useAsMain": false,
        "details": "",
        "gameState": "",
        "largeImageKey": "",
        "largeImageText": "",
        "smallImageKey": "",
        "smallImageText": "",
        "startTimestamp": "",
        "endTimestamp": "",
        "buttons": {
          "default": {
            "label": "Example Text",
            "url": "https://google.com"
          }
        }
      }
    },
    "loadingData": {
      "textOverride": "Loading...",
      "data": {
        "enabled": true,
        "useAsMain": false,
        "details": "",
        "gameState": "",
        "largeImageKey": "",
        "largeImageText": "",
        "smallImageKey": "",
        "smallImageText": "",
        "startTimestamp": "",
        "endTimestamp": "",
        "buttons": {
          "default": {
            "label": "Example Text",
            "url": "https://google.com"
          }
        }
      }
    },
    "lanData": {
      "textOverride": "Playing on a LAN Server",
      "data": {
        "enabled": true,
        "useAsMain": false,
        "details": "",
        "gameState": "",
        "largeImageKey": "",
        "largeImageText": "",
        "smallImageKey": "",
        "smallImageText": "",
        "startTimestamp": "",
        "endTimestamp": "",
        "buttons": {
          "default": {
            "label": "Example Text",
            "url": "https://google.com"
          }
        }
      }
    },
    "singleplayerData": {
      "textOverride": "Playing Solo",
      "data": {
        "enabled": true,
        "useAsMain": false,
        "details": "",
        "gameState": "",
        "largeImageKey": "",
        "largeImageText": "",
        "smallImageKey": "",
        "smallImageText": "",
        "startTimestamp": "",
        "endTimestamp": "",
        "buttons": {
          "default": {
            "label": "Example Text",
            "url": "https://google.com"
          }
        }
      }
    }
  },
  "advancedSettings": {
    "enableCommands": true,
    "enablePerGui": false,
    "enablePerItem": false,
    "enablePerEntity": false,
    "renderTooltips": true,
    "formatWords": true,
    "debugMode": false,
    "verboseMode": false,
    "refreshRate": 2,
    "roundSize": 3,
    "includeExtraGuiClasses": false,
    "allowPlaceholderPreviews": false,
    "guiSettings": {
      "fallbackGuiIcon": "unknown",
      "guiData": {
        "default": {
          "textOverride": "In {screen.name}",
          "data": {
            "enabled": true,
            "useAsMain": false,
            "details": "",
            "gameState": "",
            "largeImageKey": "",
            "largeImageText": "",
            "smallImageKey": "",
            "smallImageText": "",
            "startTimestamp": "",
            "endTimestamp": "",
            "buttons": {
              "default": {
                "label": "Example Text",
                "url": "https://google.com"
              }
            }
          }
        }
      }
    },
    "itemMessages": {
      "default": "Holding {item.message.holding}"
    },
    "entitySettings": {
      "fallbackEntityIcon": "unknown",
      "targetData": {
        "default": {
          "textOverride": "Targeting {entity.target.name}",
          "data": {
            "enabled": true,
            "useAsMain": false,
            "details": "",
            "gameState": "",
            "largeImageKey": "",
            "largeImageText": "",
            "smallImageKey": "",
            "smallImageText": "",
            "startTimestamp": "",
            "endTimestamp": "",
            "buttons": {
              "default": {
                "label": "Example Text",
                "url": "https://google.com"
              }
            }
          }
        }
      },
      "ridingData": {
        "default": {
          "textOverride": "Riding {entity.riding.name}",
          "data": {
            "enabled": true,
            "useAsMain": false,
            "details": "",
            "gameState": "",
            "largeImageKey": "",
            "largeImageText": "",
            "smallImageKey": "",
            "smallImageText": "",
            "startTimestamp": "",
            "endTimestamp": "",
            "buttons": {
              "default": {
                "label": "Example Text",
                "url": "https://google.com"
              }
            }
          }
        }
      }
    },
    "allowEndpointIcons": true,
    "serverIconEndpoint": "https://api.mcsrvstat.us/icon/{server.address.short}",
    "playerSkinEndpoint": "https://crafatar.com/avatars/%1$s"
  },
  "accessibilitySettings": {
    "tooltipBackgroundColor": "0xF0100010",
    "tooltipBorderColor": "0x505000FF",
    "guiBackgroundColor": "minecraft:textures/gui/options_background.png",
    "buttonBackgroundColor": "minecraft:textures/gui/widgets.png",
    "languageId": "en_us",
    "showBackgroundAsDark": true,
    "stripTranslationColors": false,
    "showLoggingInChat": false,
    "stripExtraGuiElements": false,
    "configKeyCode": -1
  },
  "displaySettings": {
    "presenceData": {
      "enabled": true,
      "useAsMain": false,
      "details": "{menu.message}{dimension.message}",
      "gameState": "{server.message}",
      "largeImageKey": "{menu.icon}{dimension.icon}",
      "largeImageText": "{menu.message}{dimension.message}",
      "smallImageKey": "{server.icon}{pack.icon}",
      "smallImageText": "{server.message} {custom.pack}",
      "startTimestamp": "{data.general.time}",
      "endTimestamp": "",
      "buttons": {
        "default": {
          "label": "Example Text",
          "url": "https://google.com"
        }
      }
    },
    "dynamicIcons": {
      "default": "https://via.placeholder.com/256.png",
      "dreamsx": "https://crafatar.com/avatars/c800e50f27274da49a89ccd18f6a0700"
    },
    "dynamicVariables": {
      "default": "Example Text",
      "mods": "{general.mods} Mod(s)",
      "player_info_coordinate": "At {player.position.x}, {player.position.z}",
      "players": "{server.players.current} / {server.players.max} Players",
      "player_info_in": "({custom.player_info_health})",
      "player_info_items": "Items: {item.main_hand.message}",
      "player_info_out": "As {player.name}",
      "player_info_health": "Health: {player.health.current}/{player.health.max}",
      "world_info": "{world.name}",
      "pack": " {pack.name} test"
    }
  }
}