{
    "icon": {
        "item": {
            "id": "minecraft:shield",
            "Count": 1
        },
        "color": 14277081
    },
    "range": {
        "deity": "greek:hades",
        "minlevel": 8,
        "maxlevel": 10
    },
    "condition": [
        {
            "type": "entity_hurt_player",
            "data": "minecraft:piglin_brute"
        }
    ],
    "action": [
        {
            "type": "damage",
            "multiplier": 0.9
        }
    ],
    "cooldown": 350,
    "cooldown_category": "hades:damage_to_player_down",
    "chance": 0.3
}