{
    "icon": {
        "item": "minecraft:gold_ingot",
        "color": 14277081
    },
    "range": {
        "deity": "greek:hades",
        "minlevel": 3,
        "maxlevel": 9
    },
    "condition": [
        {
            "type": "random_tick"
        },
        {
            "dimension": "minecraft:the_nether"
        }
    ],
    "action": [
        {
            "type": "item",
            "item": {
                "id": "minecraft:gold_ingot",
                "Count": 8
            }
        }
    ],
    "cooldown": 4400,
    "chance": 0.018
}