{
    "icon": {
        "item": "minecraft:oxeye_daisy",
        "color": 14277081
    },
    "range": {
        "deity": "greek:hades",
        "minlevel": 2,
        "maxlevel": 10
    },
    "condition": [
        {
            "type": "effect_start",
            "data": "minecraft:wither"
        }
    ],
    "action": [
        {
            "type": "potion",
            "tag": {
                "Potion": "minecraft:regeneration",
                "Amplifier": 0,
                "Duration": 160
            }
        }
    ],
    "cooldown": 2400,
    "cooldown_category": "hades:potion",
    "chance": 0.5
}