{
    "icon": {
        "item": "minecraft:zombie_head",
        "color": 65535
    },
    "range": {
        "deity": "greek:hades",
        "minlevel": -4,
        "maxlevel": -10
    },
    "condition": [
        {
            "type": "random_tick"
        },
        {
            "type": "night"
        }
    ],
    "action": [
        {
            "type": "summon",
            "tag": {
                "id": "minecraft:zombie"
            },
            "multiplier": 0
        }
    ],
    "chance": 0.08,
    "cooldown": 9000
}