{
  "type": "minecraft:entity",
  "pools": [
    {
      "rolls": 1,
      "entries": [
        {
          "type": "minecraft:item",
          "name": "spartanweaponry:illager_head",
          "conditions": [
            {
              "condition": "minecraft:entity_properties",
              "entity": "direct_killer",
              "predicate": {
                "equipment": {
                  "mainhand": {
                    "tag": "spartanweaponry:scythes"
                  }
                }
              }
            },
            {
              "condition": "minecraft:random_chance_with_looting",
              "chance": 0.25,
              "looting_multiplier": 0.02
            }
          ]
        }
      ]
    },
    {
      "rolls": 1,
      "entries": [
        {
          "type": "minecraft:item",
          "functions": [
            {
              "function": "minecraft:set_count",
              "count": {
                "min": 1.0,
                "max": 2.0,
                "type": "minecraft:uniform"
              }
            },
            {
              "function": "minecraft:looting_enchant",
              "count": {
                "min": 0.0,
                "max": 1.0
              }
            }
          ],
          "name": "minecraft:arrow"
        }
      ]
    }
  ]
}