{
  "type": "betterendforge:infusion",
  "input": {
    "item": "minecraft:book"
  },
  "output": {
    "id": "quark:ancient_tome",
    "Count": 1,
    "tag": {
      "StoredEnchantments": [
        {
          "lvl": 1,
          "id": "minecraft:lure"
        }
      ]
    }
  },
  "time": 300,
  "catalysts": [
    {
      "item": {
        "item": "betterendforge:enchanted_petal"
      },
      "index": 0
    },
    {
      "item": {
        "item": "minecraft:lapis_lazuli"
      },
      "index": 1
    },
    {
      "item": {
        "item": "minecraft:gold_nugget"
      },
      "index": 2
    },
    {
      "item": {
        "item": "minecraft:lapis_lazuli"
      },
      "index": 3
    },
    {
      "item": {
        "item": "minecraft:fishing_rod"
      },
      "index": 4
    },
    {
      "item": {
        "item": "minecraft:lapis_lazuli"
      },
      "index": 5
    },
    {
      "item": {
        "item": "minecraft:gold_nugget"
      },
      "index": 6
    },
    {
      "item": {
        "item": "minecraft:lapis_lazuli"
      },
      "index": 7
    }
  ]
}