{
	"blocks": [
			"spartanweaponry:blaze_head",
			"spartanweaponry:blaze_wall_head",
			"spartanweaponry:cave_spider_head",
			"spartanweaponry:cave_spider_wall_head",
			"spartanweaponry:drowned_head",
			"spartanweaponry:drowned_wall_head",
			"spartanweaponry:enderman_head",
			"spartanweaponry:enderman_wall_head",
			"spartanweaponry:husk_head",
			"spartanweaponry:husk_wall_head",
			"spartanweaponry:illager_head",
			"spartanweaponry:illager_wall_head",
			"spartanweaponry:piglin_head",
			"spartanweaponry:piglin_wall_head",
			"spartanweaponry:spider_head",
			"spartanweaponry:spider_wall_head",
			"spartanweaponry:stray_skull",
			"spartanweaponry:stray_wall_skull,
			"spartanweaponry:witch_head",
			"spartanweaponry:witch_wall_head",
			"spartanweaponry:zombified_piglin_head",
			"spartanweaponry:zombified_piglin_wall_head"
		],
	"stats": {
		"maxEterna": 0,
		"eterna": 0,
		"quanta": 5,
		"arcana": 0,
		"rectification": 0,
		"clues": 0
	}
}