{
	"blocks": [
			"twilightforest:naga_trophy",
			"twilightforest:naga_wall_trophy",
			"twilightforest:lich_trophy",
			"twilightforest:lich_wall_trophy",
			"twilightforest:minoshroom_trophy",
			"twilightforest:minoshroom_wall_trophy",
			"twilightforest:hydra_trophy",
			"twilightforest:hydra_wall_trophy",
			"twilightforest:knight_phantom_trophy",
			"twilightforest:knight_phantom_wall_trophy",
			"twilightforest:ur_ghast_trophy",
			"twilightforest:ur_ghast_wall_trophy",
			"twilightforest:yeti_trophy",
			"twilightforest:yeti_wall_trophy",
			"twilightforest:snow_queen_trophy",
			"twilightforest:snow_queen_wall_trophy"
		],
	"stats": {
		"maxEterna": 0,
		"eterna": 0,
		"quanta": 5,
		"arcana": 1,
		"rectification": 0,
		"clues": 0
	}
}