{
    "icon": {
        "item": "minecraft:arrow",
        "color": 14277081
    },
    "range": {
        "deity": "greek:artemis",
        "minlevel": 7,
        "maxlevel": 10
    },
    "condition": [
        {
            "type": "entity_hurt_player",
            "data": "minecraft:arrow"
        }
    ],
    "action": [
        {
            "type": "item",
            "item": {
                "id": "minecraft:arrow",
                "Count": 1
            }
        }
    ],
    "cooldown": 250,
    "chance": 0.25
}