{
    "icon": {
        "item": {
            "id": "minecraft:name_tag",
            "Count": 1
        },
        "color": 14277081
    },
    "range": {
        "deity": "greek:artemis",
        "minlevel": 8,
        "maxlevel": 10
    },
    "condition": [
        {
            "type": "player_interact_entity",
            "data": "minecraft:fox"
        },
        {
            "type": "mainhand_item",
            "data": "minecraft:egg"
        }
    ],
    "action": [
        {
            "type": "affinity",
            "affinity": {
                "type": "tame",
                "entity": "minecraft:fox"
            }
        }
    ],
    "cooldown_category": "tame",
    "cooldown": 12000
}