{
    "icon": {
        "item": "minecraft:apple",
        "color": 14277081
    },
    "range": {
        "deity": "greek:persephone",
        "minlevel": 5,
        "maxlevel": 10
    },
    "condition": [
        {
            "type": "random_tick"
        },
        {
            "type": "dimension",
            "data": "minecraft:the_nether"
        }
    ],
    "action": [
        {
            "type": "potion",
            "tag": {
                "Potion": "minecraft:absorption",
                "Amplifier": 0,
                "Duration": 1800
            }
        }
    ],
    "cooldown": 3100,
    "chance": 0.018
}