{
    "icon": {
        "item": {
            "id": "minecraft:wheat",
            "Count": 1
        },
        "color": 14277081
    },
    "range": {
        "deity": "greek:persephone",
        "minlevel": 5,
        "maxlevel": 10
    },
    "condition": [
        {
            "type": "random_tick"
        },
        {
            "type": "dimension",
            "data": "minecraft:overworld"
        }
    ],
    "action": [
        {
            "type": "crop_growth",
            "multiplier": 2.0
        }
    ],
    "cooldown": 300,
    "chance": 0.09
}