{
    "icon": {
        "item": {
            "id": "minecraft:stone_sword",
            "Count": 1
        },
        "color": 14277081
    },
    "range": {
        "deity": "greek:persephone",
        "minlevel": 4,
        "maxlevel": 10
    },
    "condition": [
        {
            "type": "entity_hurt_player",
            "data": "minecraft:wither_skeleton"
        }
    ],
    "action": [
        {
            "type": "damage",
            "multiplier": 0.9
        }
    ],
    "cooldown": 350,
    "cooldown_category": "persephone:damage_to_player_down",
    "chance": 0.2
}