[
  {
    "amount": 4,
    "trades": [
      {
        "input": {
          "item": "feywild:lesser_fey_gem",
          "count": 1
        },
        "output": {
          "item": "minecraft:stone",
          "count": 21
        },
        "uses": 10,
        "exp": 0,
        "mul": 0.05
      },
      {
        "input": {
          "item": "feywild:lesser_fey_gem",
          "count": 1
        },
        "output": {
          "item": "minecraft:cobblestone",
          "count": 32
        },
        "uses": 20,
        "exp": 0,
        "mul": 0.05
      },
      {
        "input": {
          "item": "feywild:lesser_fey_gem",
          "count": 1
        },
        "output": {
          "item": "minecraft:gravel",
          "count": 10
        },
        "uses": 5,
        "exp": 0,
        "mul": 0.05
      },
      {
        "input": {
          "item": "feywild:lesser_fey_gem",
          "count": 1
        },
        "output": {
          "item": "minecraft:andesite",
          "count": 21
        },
        "uses": 20,
        "exp": 0,
        "mul": 0.05
      },
      {
        "input": {
          "item": "feywild:lesser_fey_gem",
          "count": 1
        },
        "output": {
          "item": "minecraft:iron_ingot",
          "count": 4
        },
        "uses": 4,
        "exp": 0,
        "mul": 0.05
      },
      {
        "input": {
          "item": "feywild:lesser_fey_gem",
          "count": 1
        },
        "output": {
          "item": "minecraft:gold_ingot",
          "count": 3
        },
        "uses": 4,
        "exp": 0,
        "mul": 0.05
      },
      {
        "input": {
          "item": "feywild:lesser_fey_gem",
          "count": 1
        },
        "output": {
          "item": "mysticalworld:copper_ingot",
          "count": 3
        },
        "uses": 4,
        "exp": 0,
        "mul": 0.05
      },
      {
        "input": {
          "item": "feywild:lesser_fey_gem",
          "count": 1
        },
        "output": {
          "item": "darkerdepths:silver_ingot",
          "count": 3
        },
        "uses": 4,
        "exp": 0,
        "mul": 0.05
      },
      {
        "input": {
          "item": "feywild:lesser_fey_gem",
          "count": 1
        },
        "output": {
          "item": "minecraft:redstone",
          "count": 14
        },
        "uses": 10,
        "exp": 0,
        "mul": 0.05
      },
      {
        "input": {
          "item": "feywild:lesser_fey_gem",
          "count": 1
        },
        "output": {
          "item": "minecraft:lapis_lazuli",
          "count": 8
        },
        "uses": 3,
        "exp": 0,
        "mul": 0.05
      },
      {
        "input": {
          "item": "feywild:lesser_fey_gem",
          "count": 1
        },
        "output": {
          "item": "minecraft:coal",
          "count": 20
        },
        "uses": 5,
        "exp": 0,
        "mul": 0.05
      },
      {
        "input": {
          "item": "feywild:lesser_fey_gem",
          "count": 3
        },
        "output": {
          "item": "minecraft:emerald",
          "count": 3
        },
        "uses": 2,
        "exp": 0,
        "mul": 0.05
      },
      {
        "input": {
          "item": "feywild:lesser_fey_gem",
          "count": 3
        },
        "output": {
          "item": "minecraft:powered_rail",
          "count": 8
        },
        "uses": 4,
        "exp": 0,
        "mul": 0.05
      },
      {
        "input": {
          "item": "feywild:lesser_fey_gem",
          "count": 3
        },
        "output": {
          "item": "minecraft:detector_rail",
          "count": 8
        },
        "uses": 4,
        "exp": 0,
        "mul": 0.05
      },
      {
        "input": {
          "item": "feywild:lesser_fey_gem",
          "count": 2
        },
        "output": {
          "item": "minecraft:rail",
          "count": 16
        },
        "uses": 4,
        "exp": 0,
        "mul": 0.05
      },
      {
        "input": {
          "item": "feywild:lesser_fey_gem",
          "count": 3
        },
        "output": {
          "item": "minecraft:activator_rail",
          "count": 8
        },
        "uses": 4,
        "exp": 0,
        "mul": 0.05
      },
      {
        "input": {
          "item": "feywild:lesser_fey_gem",
          "count": 2
        },
        "output": {
          "item": "minecraft:tnt",
          "count": 4
        },
        "uses": 4,
        "exp": 0,
        "mul": 0.05
      },
      {
        "input": {
          "item": "feywild:lesser_fey_gem",
          "count": 1
        },
        "output": {
          "item": "minecraft:minecart",
          "count": 1
        },
        "uses": 4,
        "exp": 0,
        "mul": 0.05
      }
    ]
  }
]