{
  "enabled": true,
  "name": "greek:aphrodite",
  "female": true,
  "slim": true,
  "items": {
    "mainhand": {
      "id": "minecraft:white_stained_glass_pane",
      "Count": 1
    },
    "block": "minecraft:quartz_slab",
    "armor_locked": true,
    "hands_locked": true,
    "block_locked": true
  },
  "pose": {
    "head": {
      "x": -0.087266,
      "z": -0.349066
    },
    "left_arm": {
      "z": -0.261799
    },
    "right_arm": {
      "x": -1.308997,
      "y": -0.20944
    },
    "left_leg": {
      "z": -0.034907
    },
    "right_leg": {
      "z": 0.034907
    }
  },
  "pose_locked": false
}