{
  "enabled": true,
  "name": "greek:ares",
  "female": false,
  "slim": false,
  "items": {
    "mainhand": {
      "id": "minecraft:iron_sword",
      "Count": 1
    },
    "offhand": {
      "id": "minecraft:iron_sword",
      "Count": 1
    },
    "block": "minecraft:cut_red_sandstone_slab",
    "armor_locked": false,
    "hands_locked": true,
    "block_locked": true
  },
  "pose": {
    "head": {
      "x": -0.087266
    },
    "left_arm": {
      "x": -1.27409,
      "y": 0.907571,
      "z": -0.296706
    },
    "right_arm": {
      "x": -1.570796,
      "y": -1.012291,
      "z": 0.610865
    },
    "left_leg": {
      "z": -0.034907
    },
    "right_leg": {
      "z": 0.034907
    }
  },
  "pose_locked": false
}