{
  "enabled": true,
  "name": "greek:hecate",
  "female": true,
  "slim": true,
  "items": {
    "mainhand": "soul_torch",
    "offhand": "soul_torch",
    "block": "minecraft:purpur_slab",
    "armor_locked": false,
    "hands_locked": true,
    "block_locked": true
  },
  "pose": {
    "head": {
      "x": 0.087266
    },
    "left_arm": {
      "x": -1.012291,
      "y": 0.610865
    },
    "right_arm": {
      "x": -1.012291,
      "y": -0.610865
    },
    "left_leg": {
      "z": -0.069813
    },
    "right_leg": {
      "z": 0.069813
    }
  },
  "pose_locked": false
}