{
  "enabled": true,
  "name": "greek:hephaestus",
  "female": false,
  "slim": false,
  "items": {
    "mainhand": {
      "id": "minecraft:iron_pickaxe",
      "Count": 1
    },
    "block": "minecraft:smooth_stone_slab",
    "armor_locked": false,
    "hands_locked": true,
    "block_locked": true
  },
  "pose": {
    "head": {
      "x": 0.174533
    },
    "left_arm": {
      "x": -1.117011,
      "y": -0.05236
    },
    "right_arm": {
      "x": -1.570796,
      "y": -0.296706,
      "z": 1.570796
    },
    "left_leg": {
      "x": 0.314159
    },
    "right_leg": {
      "x": -0.174533
    }
  },
  "pose_locked": false
}