{
  "enabled": true,
  "name": "greek:poseidon",
  "female": false,
  "slim": false,
  "items": {
    "mainhand": "minecraft:trident",
    "offhand": "minecraft:nautilus_shell",
    "block": "minecraft:prismarine_brick_slab",
    "armor_locked": false,
    "hands_locked": true,
    "block_locked": true
  },
  "pose": {
    "head": {
      "x": 0.174533
    },
    "left_arm": {
      "z": -0.0349066
    },
    "right_arm": {
      "x": -1.954769,
      "z": 0.034907
    },
    "left_leg": {
      "z": -0.0349066
    },
    "right_leg": {
      "z": 0.0349066
    }
  },
  "pose_locked": false
}