{
  "biomes": [
    [
      {
        "type": "BIOME_DICT",
        "negate": false,
        "value": "overworld"
      },
      {
        "type": "BIOME_DICT",
        "negate": false,
        "value": "mountains"
      }
    ],
    [
      {
        "type": "BIOME_DICT",
        "negate": false,
        "value": "overworld"
      },
      {
        "type": "BIOME_CATEGORY",
        "negate": false,
        "value": "extreme_hills"
      }
    ]
    [
      {
        "type": "REGISTRY_NAME",
        "negate": false,
        "value": "darkerdepths:molten_cavern"
      }
    ]
    [
      {
        "type": "REGISTRY_NAME",
        "negate": false,
        "value": "darkerdepths:sandy_catacombs"
      }
    ]
    [
      {
        "type": "REGISTRY_NAME",
        "negate": false,
        "value": "cavebiomeapi:cave"
      }
    ]
  ]
}