{
  "pools": [
    {
      "rolls": 1,
      "entries": [
        {
          "type": "minecraft:item",
          "name": "vanillafoodpantry:bear_raw_charred",
          "functions": [
            {
              "function": "minecraft:set_count",
              "count": {
                "min": 0,
                "max": 1
              }
            }
          ],
          "conditions": [
            {
              "condition": "minecraft:entity_properties",
              "entity": "this",
              "predicate": {
                "flags": {
                  "is_on_fire": true
                }
              }
            }
          ]
        }
      ]
    },
    {
      "rolls": 1,
      "entries": [
        {
          "type": "minecraft:item",
          "name": "vanillafoodpantry:bear_raw",
          "functions": [
            {
              "function": "minecraft:set_count",
              "count": {
                "min": 0,
                "max": 1
              }
            }
          ],
          "conditions": [
            {
              "condition": "minecraft:entity_properties",
              "entity": "this",
              "predicate": {
                "flags": {
                  "is_on_fire": false
                }
              }
            }
          ]
        }
      ]
    },
    {
      "name": "grizzly_bear",
      "rolls": 1,
      "entries": [
        {
          "type": "item",
          "name": "alexsmobs:bear_fur",
          "weight": 1,
          "functions": [
            {
              "function": "set_count",
              "count": {
                "min": -1,
                "max": 2
              }
            },
            {
              "function": "looting_enchant",
              "count": {
                "min": 0,
                "max": 1
              }
            }
          ]
        }
      ]
    }
  ]
}