{
	"replace": false,
	"values": [
    { "id":"upgradednetherite:gold_upgraded_netherite_ingot", "required": false },
    { "id":"upgradednetherite:fire_upgraded_netherite_ingot", "required": false },
    { "id":"upgradednetherite:ender_upgraded_netherite_ingot", "required": false },
    { "id":"upgradednetherite:water_upgraded_netherite_ingot", "required": false },
    { "id":"upgradednetherite:wither_upgraded_netherite_ingot", "required": false },
    { "id":"upgradednetherite:poison_upgraded_netherite_ingot", "required": false },
    { "id":"upgradednetherite:phantom_upgraded_netherite_ingot", "required": false },
    { "id":"upgradednetherite:feather_upgraded_netherite_ingot", "required": false },
    { "id":"upgradednetherite:corrupt_upgraded_netherite_ingot", "required": false }
	]
}