{
    "icon": {
        "item": {
            "id": "minecraft:cobweb",
            "Count": 1
        },
        "color": 14277081
    },
    "range": {
        "deity": "greek:athena",
        "minlevel": 6,
        "maxlevel": 10
    },
    "condition": [
        {
            "type": "entity_hurt_player",
            "data": "minecraft:spider"
        }
    ],
    "action": [
        {
            "type": "damage",
            "multiplier": 0.75
        }
    ],
    "cooldown": 350,
    "cooldown_category": "athena:damage_from_spider_down",
    "chance": 0.15
}