{
  "biomes": [
    [
      {
        "type": "BIOME_DICT",
        "negate": false,
        "value": "overworld"
      },
      {
        "type": "BIOME_DICT",
        "negate": false,
        "value": "forest"
      }
    ],
    [
      {
        "type": "BIOME_DICT",
        "negate": false,
        "value": "overworld"
      },
      {
        "type": "BIOME_CATEGORY",
        "negate": false,
        "value": "forest"
      }
    ]
    [
      {
        "type": "REGISTRY_NAME",
        "negate": false,
        "value": "darkerdepths:glowshroom_caves"
      }
    ]
  ]
}