{
        "type": "minecraft:crafting_shaped",
        "pattern": [
          "###",
          "# #",
          "# #"
        ],
        "key": {
          "#": {
            "tag": "forge:ingots/silver"
          }
        },
        "result": {
	    "item": "iceandfire:armor_silver_metal_leggings",
            "nbt": "{AttributeModifiers:[{Amount: 4.0d, Slot: \"legs\", AttributeName: \"minecraft:generic.armor\", UUID: [I;-666264828,241583910,-1423350714,-1653387763], Name:\"Armor modifier\"},{Amount: 1d, Slot: \"legs\", Operation:0, AttributeName: \"mysticalworld:blessed\", UUID: [I;-666264828,241583910,-1423350714,-1653387763], Name:\"Armor Blessing\"}]}",
	    "type": "minecraft:item_nbt"
      }
    }