{
        "type": "minecraft:crafting_shaped",
        "pattern": [
          "###",
          "# #"
        ],
        "key": {
          "#": {
            "tag": "forge:ingots/silver"
          }
        },
        "result": {
	    "item": "iceandfire:armor_silver_metal_helmet",
	    "nbt": "{AttributeModifiers:[{Amount: 2.0d, Slot: \"head\", AttributeName: \"minecraft:generic.armor\", UUID: [I;718533190,-18788761,-1199150595,940290384], Name:\"Armor modifier\"},{Amount: 1d, Slot: \"head\", Operation:0, AttributeName: \"mysticalworld:blessed\", UUID: [I;718533190,-18788761,-1199150595,940290384], Name:\"Armor Blessing\"}]}",
	    "type": "minecraft:item_nbt"
      }
    }