{
        "type": "minecraft:crafting_shaped",
        "pattern": [
          "# #",
          "###",
          "###"
        ],
        "key": {
          "#": {
            "tag": "forge:ingots/silver"
          }
        },
        "result": {
	    "item": "iceandfire:armor_silver_metal_chestplate",
	    "nbt": "{AttributeModifiers:[{Amount: 5.0d, Slot: \"chest\", AttributeName: \"minecraft:generic.armor\", UUID: [I;-1623373971,-1055374012,-2090507132,1761916046], Name:\"Armor modifier\"},{Amount: 1d, Slot: \"chest\", Operation:0, AttributeName: \"mysticalworld:blessed\", UUID: [I;-1623373971,-1055374012,-2090507132,1761916046], Name:\"Armor Blessing\"}]}",
	    "type": "minecraft:item_nbt"
      }
    }