{
    "type": "minecraft:gift",
    "pools": [
      {
        "rolls": 1,
        "entries": [
          {
            "type": "minecraft:item",
            "weight": 250,
            "name": "minecraft:coal",
            "functions": [
              {
                "function": "minecraft:set_count",
                "count": {
                  "min": 2.0,
                  "max": 4.0,
                  "type": "minecraft:uniform"
                }
              }
            ]
          },
          {
            "type": "minecraft:item",
            "weight": 75,
            "name": "minecraft:lapis_lazuli",
            "functions": [
              {
                "function": "minecraft:set_count",
                "count": {
                  "min": 3.0,
                  "max": 8.0,
                  "type": "minecraft:uniform"
                }
              }
            ]
          },
          {
            "type": "minecraft:item",
            "weight": 100,
            "name": "minecraft:iron_nugget",
            "functions": [
              {
                "function": "minecraft:set_count",
                "count": {
                  "min": 6.0,
                  "max": 12.0,
                  "type": "minecraft:uniform"
                }
              }
            ]
          },
          {
            "type": "minecraft:item",
            "weight": 100,
            "name": "minecraft:gold_nugget",
            "functions": [
              {
                "function": "minecraft:set_count",
                "count": {
                  "min": 6.0,
                  "max": 12.0,
                  "type": "minecraft:uniform"
                }
              }
            ]
          },
          {
            "type": "minecraft:item",
            "weight": 15,
            "name": "minecraft:emerald"
          },
          {
            "type": "minecraft:item",
            "weight": 15,
            "name": "minecraft:diamond"
          },
          {
            "type": "minecraft:item",
            "weight": 100,
            "name": "minecraft:redstone",
            "functions": [
              {
                "function": "minecraft:set_count",
                "count": {
                  "min": 2.0,
                  "max": 6.0,
                  "type": "minecraft:uniform"
                }
              }
            ]
          },
          {
            "type": "minecraft:item",
            "weight": 145,
            "name": "minecraft:bone",
            "functions": [
              {
                "function": "minecraft:set_count",
                "count": {
                  "min": 2.0,
                  "max": 6.0,
                  "type": "minecraft:uniform"
                }
              }
            ]
          }
        ]
      }
    ]
  }